;Year;Player;Pos;Age;Tm;G;GS;MP;PER;TS%;3PAr;FTr;ORB%;DRB%;TRB%;AST%;STL%;BLK%;TOV%;USG%;blanl;OWS;DWS;WS;WS/48;blank2;OBPM;DBPM;BPM;VORP;FG;FGA;FG%;3P;3PA;3P%;2P;2PA;2P%;eFG%;FT;FTA;FT%;ORB;DRB;TRB;AST;STL;BLK;TOV;PF;PTS
0;1950;Curly Armstrong;G-F;31;FTW;63;;;;0.368;;0.467;;;;;;;;;;-0.1;3.6;3.5;;;;;;;144;516;0.279;;;;144;516;0.279;0.279;170;241;0.705;;;;176;;;;217;458
1;1950;Cliff Barker;SG;29;INO;49;;;;0.435;;0.387;;;;;;;;;;1.6;0.6;2.2;;;;;;;102;274;0.372;;;;102;274;0.372;0.372;75;106;0.708;;;;109;;;;99;279
2;1950;Leo Barnhorst;SF;25;CHS;67;;;;0.394;;0.259;;;;;;;;;;0.9;2.8;3.6;;;;;;;174;499;0.349;;;;174;499;0.349;0.349;90;129;0.698;;;;140;;;;192;438
3;1950;Ed Bartels;F;24;TOT;15;;;;0.312;;0.395;;;;;;;;;;-0.5;-0.1;-0.6;;;;;;;22;86;0.256;;;;22;86;0.256;0.256;19;34;0.559;;;;20;;;;29;63
4;1950;Ed Bartels;F;24;DNN;13;;;;0.308;;0.378;;;;;;;;;;-0.5;-0.1;-0.6;;;;;;;21;82;0.256;;;;21;82;0.256;0.256;17;31;0.548;;;;20;;;;27;59
5;1950;Ed Bartels;F;24;NYK;2;;;;0.376;;0.75;;;;;;;;;;0;0;0;;;;;;;1;4;0.25;;;;1;4;0.25;0.25;2;3;0.667;;;;0;;;;2;4
6;1950;Ralph Beard;G;22;INO;60;;;;0.422;;0.301;;;;;;;;;;3.6;1.2;4.8;;;;;;;340;936;0.363;;;;340;936;0.363;0.363;215;282;0.762;;;;233;;;;132;895
7;1950;Gene Berce;G-F;23;TRI;3;;;;0.275;;0.313;;;;;;;;;;-0.1;0;-0.1;;;;;;;5;16;0.313;;;;5;16;0.313;0.313;0;5;0;;;;2;;;;6;10
8;1950;Charlie Black;F-C;28;TOT;65;;;;0.346;;0.395;;;;;;;;;;-2.2;5;2.8;;;;;;;226;813;0.278;;;;226;813;0.278;0.278;209;321;0.651;;;;163;;;;273;661
9;1950;Charlie Black;F-C;28;FTW;36;;;;0.362;;0.48;;;;;;;;;;-0.7;2.2;1.5;;;;;;;125;435;0.287;;;;125;435;0.287;0.287;132;209;0.632;;;;75;;;;140;382
10;1950;Charlie Black;F-C;28;AND;29;;;;0.326;;0.296;;;;;;;;;;-1.5;2.8;1.3;;;;;;;101;378;0.267;;;;101;378;0.267;0.267;77;112;0.688;;;;88;;;;133;279
11;1950;Nelson Bobb;PG;25;PHW;57;;;;0.396;;0.528;;;;;;;;;;0.4;1.3;1.8;;;;;;;80;248;0.323;;;;80;248;0.323;0.323;82;131;0.626;;;;46;;;;97;242
12;1950;Jake Bornheimer;F-C;22;PHW;60;;;;0.356;;0.384;;;;;;;;;;-0.7;1.5;0.8;;;;;;;88;305;0.289;;;;88;305;0.289;0.289;78;117;0.667;;;;40;;;;111;254
13;1950;Vince Boryla;SF;22;NYK;59;;;;0.426;;0.445;;;;;;;;;;2.6;1.4;3.9;;;;;;;204;600;0.34;;;;204;600;0.34;0.34;204;267;0.764;;;;95;;;;203;612
14;1950;Don Boven;F-G;24;WAT;62;;;;0.461;;0.625;;;;;;;;;;4.4;-0.7;3.8;;;;;;;208;558;0.373;;;;208;558;0.373;0.373;240;349;0.688;;;;137;;;;255;656
15;1950;Harry Boykoff;C;27;WAT;61;;;;0.479;;0.375;;;;;;;;;;6;-0.7;5.3;;;;;;;288;698;0.413;;;;288;698;0.413;0.413;203;262;0.775;;;;149;;;;229;779
16;1950;Joe Bradley;G;21;CHS;46;;;;0.289;;0.284;;;;;;;;;;-1;0.7;-0.3;;;;;;;36;134;0.269;;;;36;134;0.269;0.269;15;38;0.395;;;;36;;;;51;87
17;1950;Bob Brannum;PF;24;SHE;59;;;;0.408;;0.494;;;;;;;;;;2.1;-0.5;1.6;;;;;;;234;718;0.326;;;;234;718;0.326;0.326;245;355;0.69;;;;205;;;;279;713
18;1950;Carl Braun;G-F;22;NYK;67;;;;0.434;;0.365;;;;;;;;;;5.2;1.9;7.2;;;;;;;373;1024;0.364;;;;373;1024;0.364;0.364;285;374;0.762;;;;247;;;;188;1031
19;1950;Frankie Brian;G;26;AND;64;;;;0.415;;0.422;;;;;;;;;;3.6;5.6;9.2;;;;;;;368;1156;0.318;;;;368;1156;0.318;0.318;402;488;0.824;;;;189;;;;192;1138
20;1950;Price Brookfield;F-G;29;ROC;7;;;;0.592;;0.565;;;;;;;;;;0.5;0.1;0.5;;;;;;;11;23;0.478;;;;11;23;0.478;0.478;12;13;0.923;;;;1;;;;7;34
21;1950;Bob Brown;F;26;DNN;62;;;;0.414;;0.33;;;;;;;;;;2.1;-0.9;1.2;;;;;;;276;764;0.361;;;;276;764;0.361;0.361;172;252;0.683;;;;101;;;;269;724
22;1950;Jim Browne;C;20;DNN;31;;;;0.392;;0.563;;;;;;;;;;0.1;-0.1;0;;;;;;;17;48;0.354;;;;17;48;0.354;0.354;13;27;0.481;;;;8;;;;16;47
23;1950;Walt Budko;PF;24;BLB;66;;;;0.388;;0.403;;;;;;;;;;0.7;2;2.7;;;;;;;198;652;0.304;;;;198;652;0.304;0.304;199;263;0.757;;;;146;;;;259;595
24;1950;Jack Burmaster;G;23;SHE;61;;;;0.378;;0.256;;;;;;;;;;0.1;-0.4;-0.4;;;;;;;237;711;0.333;;;;237;711;0.333;0.333;124;182;0.681;;;;179;;;;237;598
25;1950;Tommy Byrnes;F-G;26;BLB;53;;;;0.362;;0.312;;;;;;;;;;-0.5;0.9;0.3;;;;;;;120;397;0.302;;;;120;397;0.302;0.302;87;124;0.702;;;;88;;;;76;327
26;1950;Bill Calhoun;SG;22;ROC;62;;;;0.439;;0.37;;;;;;;;;;3;1.5;4.5;;;;;;;207;549;0.377;;;;207;549;0.377;0.377;146;203;0.719;;;;115;;;;100;560
27;1950;Don Carlson;G-F;30;MNL;57;;;;0.402;;0.328;;;;;;;;;;0.7;1.9;2.6;;;;;;;99;290;0.341;;;;99;290;0.341;0.341;69;95;0.726;;;;76;;;;126;267
28;1950;Bob Carpenter;F-C;32;FTW;66;;;;0.421;;0.415;;;;;;;;;;2.2;2.8;5;;;;;;;212;617;0.344;;;;212;617;0.344;0.344;190;256;0.742;;;;92;;;;168;614
29;1950;Jake Carter;F-C;25;TOT;24;;;;0.417;;0.707;;;;;;;;;;0.3;0.4;0.7;;;;;;;23;75;0.307;;;;23;75;0.307;0.307;36;53;0.679;;;;24;;;;59;82
30;1950;Jake Carter;F-C;25;DNN;13;;;;0.39;;0.578;;;;;;;;;;0.1;-0.1;0;;;;;;;13;45;0.289;;;;13;45;0.289;0.289;18;26;0.692;;;;16;;;;27;44
31;1950;Jake Carter;F-C;25;AND;11;;;;0.454;;0.9;;;;;;;;;;0.2;0.5;0.7;;;;;;;10;30;0.333;;;;10;30;0.333;0.333;18;27;0.667;;;;8;;;;32;38
32;1950;Al Cervi*;PG;32;SYR;56;;;;0.491;;0.803;;;;;;;;;;5.9;3.4;9.3;;;;;;;143;431;0.332;;;;143;431;0.332;0.332;287;346;0.829;;;;264;;;;223;573
33;1950;John Chaney;F-C;29;TOT;16;;;;0.354;;0.337;;;;;;;;;;-0.2;0.1;-0.1;;;;;;;25;86;0.291;;;;25;86;0.291;0.291;20;29;0.69;;;;20;;;;23;70
34;1950;John Chaney;F-C;29;TRI;6;;;;0.331;;0.324;;;;;;;;;;-0.1;0.1;0;;;;;;;10;37;0.27;;;;10;37;0.27;0.27;8;12;0.667;;;;15;;;;13;28
35;1950;John Chaney;F-C;29;SHE;10;;;;0.372;;0.347;;;;;;;;;;0;0;-0.1;;;;;;;15;49;0.306;;;;15;49;0.306;0.306;12;17;0.706;;;;5;;;;10;42
36;1950;Leroy Chollet;F;24;SYR;49;;;;0.385;;0.313;;;;;;;;;;0.1;0.8;0.9;;;;;;;61;179;0.341;;;;61;179;0.341;0.341;35;56;0.625;;;;37;;;;52;157
37;1950;Bill Closs;SF;28;AND;64;;;;0.372;;0.288;;;;;;;;;;-0.5;4.9;4.4;;;;;;;283;898;0.315;;;;283;898;0.315;0.315;186;259;0.718;;;;160;;;;190;752
38;1950;Paul Cloyd;G-F;29;TOT;7;;;;0.322;;0.308;;;;;;;;;;-0.1;0;-0.1;;;;;;;7;26;0.269;;;;7;26;0.269;0.269;5;8;0.625;;;;2;;;;5;19
39;1950;Paul Cloyd;G-F;29;BLB;3;;;;0.268;;0.375;;;;;;;;;;-0.1;0;-0.1;;;;;;;1;8;0.125;;;;1;8;0.125;0.125;3;3;1;;;;1;;;;4;5
40;1950;Paul Cloyd;G-F;29;WAT;4;;;;0.347;;0.278;;;;;;;;;;-0.1;0;-0.1;;;;;;;6;18;0.333;;;;6;18;0.333;0.333;2;5;0.4;;;;1;;;;1;14
41;1950;Jack Coleman;PF;25;ROC;68;;;;0.412;;0.183;;;;;;;;;;1.9;2.5;4.3;;;;;;;250;663;0.377;;;;250;663;0.377;0.377;90;121;0.744;;;;153;;;;223;590
42;1950;Bobby Cook;G-F;26;SHE;51;;;;0.42;;0.292;;;;;;;;;;2.1;-0.3;1.9;;;;;;;222;620;0.358;;;;222;620;0.358;0.358;143;181;0.79;;;;158;;;;114;587
43;1950;Ray Corley;G;22;SYR;60;;;;0.365;;0.33;;;;;;;;;;-0.3;1.6;1.2;;;;;;;117;370;0.316;;;;117;370;0.316;0.316;75;122;0.615;;;;109;;;;81;309
44;1950;Jack Cotton;F-C;25;DNN;54;;;;0.343;;0.485;;;;;;;;;;-1;-0.5;-1.5;;;;;;;97;332;0.292;;;;97;332;0.292;0.292;82;161;0.509;;;;65;;;;184;276
45;1950;Dillard Crocker;PF;25;DNN;53;;;;0.369;;0.377;;;;;;;;;;-0.9;-0.8;-1.7;;;;;;;245;840;0.292;;;;245;840;0.292;0.292;233;317;0.735;;;;85;;;;223;723
46;1950;Chink Crossin;G;26;PHW;64;;;;0.363;;0.176;;;;;;;;;;-0.6;2.7;2.1;;;;;;;185;574;0.322;;;;185;574;0.322;0.322;79;101;0.782;;;;148;;;;139;449
47;1950;Fran Curran;G;27;ROC;66;;;;0.579;;1.026;;;;;;;;;;5.5;1.1;6.6;;;;;;;98;235;0.417;;;;98;235;0.417;0.417;199;241;0.826;;;;71;;;;113;395
48;1950;Jimmy Darden;G;27;DNN;26;;;;0.379;;0.329;;;;;;;;;;0.1;-0.3;-0.2;;;;;;;78;243;0.321;;;;78;243;0.321;0.321;55;80;0.688;;;;67;;;;67;211
49;1950;Bob Davies*;PG;30;ROC;64;;;;0.43;;0.391;;;;;;;;;;4.7;2.9;7.7;;;;;;;317;887;0.357;;;;317;887;0.357;0.357;261;347;0.752;;;;294;;;;187;895
50;1950;Hook Dillon;F;26;WSC;22;;;;0.278;;0.4;;;;;;;;;;-0.5;0.2;-0.4;;;;;;;10;55;0.182;;;;10;55;0.182;0.182;16;22;0.727;;;;5;;;;19;36
51;1950;Earl Dodd;F;25;DNN;9;;;;0.257;;0.185;;;;;;;;;;-0.3;0;-0.3;;;;;;;6;27;0.222;;;;6;27;0.222;0.222;3;5;0.6;;;;6;;;;13;15
52;1950;Joe Dolhon;G;22;BLB;64;;;;0.401;;0.467;;;;;;;;;;1.4;1.6;3;;;;;;;143;458;0.312;;;;143;458;0.312;0.312;157;214;0.734;;;;155;;;;193;443
53;1950;Bob Doll;F-C;30;BOS;47;;;;0.397;;0.329;;;;;;;;;;0.7;0.9;1.6;;;;;;;120;347;0.346;;;;120;347;0.346;0.346;75;114;0.658;;;;108;;;;117;315
54;1950;Harry Donovan;G;23;NYK;45;;;;0.393;;0.385;;;;;;;;;;0.3;0.7;1;;;;;;;90;275;0.327;;;;90;275;0.327;0.327;73;106;0.689;;;;38;;;;107;253
55;1950;Andy Duncan;F-C;27;ROC;67;;;;0.461;;0.374;;;;;;;;;;2;1.4;3.4;;;;;;;125;289;0.433;;;;125;289;0.433;0.433;60;108;0.556;;;;42;;;;160;310
56;1950;Dike Eddleman;SF;27;TRI;64;;;;0.405;;0.287;;;;;;;;;;1.6;2.1;3.7;;;;;;;332;906;0.366;;;;332;906;0.366;0.366;162;260;0.623;;;;142;;;;254;826
57;1950;Gene Englund;F-C;32;TOT;46;;;;0.502;;0.701;;;;;;;;;;3.2;1;4.2;;;;;;;104;274;0.38;;;;104;274;0.38;0.38;152;192;0.792;;;;41;;;;167;360
58;1950;Gene Englund;F-C;32;BOS;24;;;;0.503;;0.716;;;;;;;;;;1.8;0.5;2.3;;;;;;;55;148;0.372;;;;55;148;0.372;0.372;86;106;0.811;;;;17;;;;97;196
59;1950;Gene Englund;F-C;32;TRI;22;;;;0.5;;0.683;;;;;;;;;;1.5;0.4;1.9;;;;;;;49;126;0.389;;;;49;126;0.389;0.389;66;86;0.767;;;;24;;;;70;164
60;1950;Bob Evans;G;24;INO;47;;;;0.324;;0.22;;;;;;;;;;-0.8;0.5;-0.3;;;;;;;56;200;0.28;;;;56;200;0.28;0.28;30;44;0.682;;;;55;;;;99;142
61;1950;Johnny Ezersky;F-G;27;TOT;54;;;;0.364;;0.376;;;;;;;;;;-0.7;1.1;0.5;;;;;;;143;487;0.294;;;;143;487;0.294;0.294;127;183;0.694;;;;86;;;;139;413
62;1950;Johnny Ezersky;F-G;27;BLB;38;;;;0.374;;0.376;;;;;;;;;;-0.2;0.8;0.7;;;;;;;107;351;0.305;;;;107;351;0.305;0.305;92;132;0.697;;;;64;;;;100;306
63;1950;Johnny Ezersky;F-G;27;BOS;16;;;;0.338;;0.375;;;;;;;;;;-0.5;0.3;-0.2;;;;;;;36;136;0.265;;;;36;136;0.265;0.265;35;51;0.686;;;;22;;;;39;107
64;1950;Bob Feerick;F-G;30;WSC;60;;;;0.419;;0.348;;;;;;;;;;2.1;1.6;3.6;;;;;;;172;500;0.344;;;;172;500;0.344;0.344;139;174;0.799;;;;127;;;;140;483
65;1950;George Feigenbaum;G;20;BLB;12;;;;0.277;;0.316;;;;;;;;;;-0.5;0.1;-0.4;;;;;;;14;57;0.246;;;;14;57;0.246;0.246;8;18;0.444;;;;10;;;;15;36
66;1950;Arnie Ferrin;F-G;24;MNL;63;;;;0.383;;0.275;;;;;;;;;;0.2;2.3;2.6;;;;;;;132;396;0.333;;;;132;396;0.333;0.333;76;109;0.697;;;;95;;;;147;340
67;1950;Jerry Fleishman;SG;27;PHW;65;;;;0.354;;0.428;;;;;;;;;;-0.5;2.1;1.6;;;;;;;102;353;0.289;;;;102;353;0.289;0.289;93;151;0.616;;;;118;;;;129;297
68;1950;Joe Fulks*;PF;28;PHW;68;;;;0.346;;0.348;;;;;;;;;;-4.4;3.7;-0.8;;;;;;;336;1209;0.278;;;;336;1209;0.278;0.278;293;421;0.696;;;;56;;;;240;965
69;1950;Bill Gabor;SG;27;SYR;56;;;;0.395;;0.34;;;;;;;;;;0.7;2.8;3.5;;;;;;;226;671;0.337;;;;226;671;0.337;0.337;157;228;0.689;;;;108;;;;198;609
70;1950;Elmer Gainer;F-C;31;WAT;15;;;;0.312;;0.229;;;;;;;;;;-0.2;-0.1;-0.3;;;;;;;9;35;0.257;;;;9;35;0.257;0.257;6;8;0.75;;;;7;;;;28;24
71;1950;Harry Gallatin*;F-C;22;NYK;68;;;;0.487;;0.551;;;;;;;;;;6.5;1.4;7.8;;;;;;;263;664;0.396;;;;263;664;0.396;0.396;277;366;0.757;;;;56;;;;215;803
72;1950;Vern Gardner;SG;24;PHW;63;;;;0.408;;0.323;;;;;;;;;;2.2;3.6;5.9;;;;;;;313;916;0.342;;;;313;916;0.342;0.342;227;296;0.767;;;;119;;;;236;853
73;1950;Frank Gates;G;29;AND;64;;;;0.322;;0.244;;;;;;;;;;-1.7;3;1.3;;;;;;;113;402;0.281;;;;113;402;0.281;0.281;61;98;0.622;;;;91;;;;147;287
74;1950;Dee Gibson;F-G;26;TRI;44;;;;0.435;;0.722;;;;;;;;;;1.7;1;2.7;;;;;;;77;245;0.314;;;;77;245;0.314;0.314;127;177;0.718;;;;126;;;;113;281
75;1950;Hoot Gibson;F-C;28;TOT;32;;;;0.394;;0.328;;;;;;;;;;0.2;-0.2;0;;;;;;;67;195;0.344;;;;67;195;0.344;0.344;42;64;0.656;;;;37;;;;106;176
76;1950;Hoot Gibson;F-C;28;BOS;2;;;;0.608;;1;;;;;;;;;;0.1;0;0.1;;;;;;;3;4;0.75;;;;3;4;0.75;0.75;1;4;0.25;;;;1;;;;3;7
77;1950;Hoot Gibson;F-C;28;WAT;30;;;;0.389;;0.314;;;;;;;;;;0.1;-0.2;-0.1;;;;;;;64;191;0.335;;;;64;191;0.335;0.335;41;60;0.683;;;;36;;;;103;169
78;1950;Chuck Gilmur;F-C;27;WSC;68;;;;0.431;;0.636;;;;;;;;;;2.3;2;4.3;;;;;;;127;379;0.335;;;;127;379;0.335;0.335;164;241;0.68;;;;108;;;;275;418
79;1950;Normie Glick;F;22;MNL;1;;;;1;;0;;;;;;;;;;0;0;0.1;;;;;;;1;1;1;;;;1;1;1;1;0;0;;;;;0;;;;1;2
80;1950;Paul Gordon;F;22;BLB;4;;;;0.183;;0.833;;;;;;;;;;-0.1;0;-0.1;;;;;;;0;6;0;;;;0;6;0;0;3;5;0.6;;;;3;;;;3;3
81;1950;Joe Graboski;F-C;20;CHS;57;;;;0.355;;0.36;;;;;;;;;;-0.6;1.2;0.6;;;;;;;75;247;0.304;;;;75;247;0.304;0.304;53;89;0.596;;;;37;;;;95;203
82;1950;Bud Grant;F;22;MNL;35;;;;0.371;;0.148;;;;;;;;;;-0.1;0.6;0.5;;;;;;;42;115;0.365;;;;42;115;0.365;0.365;7;17;0.412;;;;19;;;;36;91
83;1950;Don Grate;F-G;26;SHE;2;;;;0.291;;0.333;;;;;;;;;;0;0;0;;;;;;;1;6;0.167;;;;1;6;0.167;0.167;2;2;1;;;;3;;;;3;4
84;1950;Alex Groza;C;23;INO;64;;;;0.548;;0.572;;;;;;;;;;16.5;1.4;17.9;;;;;;;521;1090;0.478;;;;521;1090;0.478;0.478;454;623;0.729;;;;162;;;;221;1496
85;1950;Al Guokas;F-G;24;TOT;57;;;;0.333;;0.167;;;;;;;;;;-0.9;-0.1;-1;;;;;;;93;299;0.311;;;;93;299;0.311;0.311;28;50;0.56;;;;95;;;;143;214
86;1950;Al Guokas;F-G;24;DNN;41;;;;0.338;;0.173;;;;;;;;;;-0.7;-0.4;-1.1;;;;;;;86;271;0.317;;;;86;271;0.317;0.317;25;47;0.532;;;;85;;;;116;197
87;1950;Al Guokas;F-G;24;PHW;16;;;;0.29;;0.107;;;;;;;;;;-0.2;0.3;0.1;;;;;;;7;28;0.25;;;;7;28;0.25;0.25;3;3;1;;;;10;;;;27;17
88;1950;Robert Hahn;C;24;CHS;10;;;;0.311;;0.538;;;;;;;;;;-0.1;0.1;0.1;;;;;;;4;13;0.308;;;;4;13;0.308;0.308;2;7;0.286;;;;1;;;;17;10
89;1950;Chick Halbert;C;30;WSC;68;;;;0.454;;0.616;;;;;;;;;;2.4;1.2;3.6;;;;;;;108;284;0.38;;;;108;284;0.38;0.38;112;175;0.64;;;;89;;;;136;328
90;1950;Bruce Hale;G-F;31;INO;64;;;;0.444;;0.464;;;;;;;;;;4.1;1.1;5.1;;;;;;;217;614;0.353;;;;217;614;0.353;0.353;223;285;0.782;;;;226;;;;143;657
91;1950;Dale Hamilton;G-F;30;WAT;14;;;;0.302;;0.576;;;;;;;;;;-0.2;-0.1;-0.3;;;;;;;8;33;0.242;;;;8;33;0.242;0.242;9;19;0.474;;;;17;;;;30;25
92;1950;Alex Hannum*;PF;26;SYR;64;;;;0.423;;0.381;;;;;;;;;;2;3.2;5.1;;;;;;;177;488;0.363;;;;177;488;0.363;0.363;128;186;0.688;;;;129;;;;264;482
93;1950;John Hargis;G-F;29;AND;60;;;;0.479;;0.504;;;;;;;;;;4.8;3.6;8.4;;;;;;;223;550;0.405;;;;223;550;0.405;0.405;197;277;0.711;;;;102;;;;170;643
94;1950;Bob Harris;F-C;22;FTW;62;;;;0.423;;0.48;;;;;;;;;;2.1;3;5;;;;;;;168;465;0.361;;;;168;465;0.361;0.361;140;223;0.628;;;;129;;;;190;476
95;1950;Bob Harrison;G;22;MNL;66;;;;0.394;;0.213;;;;;;;;;;0.7;2.7;3.5;;;;;;;125;348;0.359;;;;125;348;0.359;0.359;50;74;0.676;;;;131;;;;175;300
96;1950;Billy Hassett;G;28;TOT;60;;;;0.365;;0.533;;;;;;;;;;0;1.8;1.8;;;;;;;84;302;0.278;;;;84;302;0.278;0.278;104;161;0.646;;;;137;;;;136;272
97;1950;Billy Hassett;G;28;TRI;18;;;;0.406;;0.599;;;;;;;;;;0.6;0.5;1.1;;;;;;;46;157;0.293;;;;46;157;0.293;0.293;69;94;0.734;;;;68;;;;54;161
98;1950;Billy Hassett;G;28;MNL;42;;;;0.318;;0.462;;;;;;;;;;-0.6;1.3;0.7;;;;;;;38;145;0.262;;;;38;145;0.262;0.262;35;67;0.522;;;;69;;;;82;111
99;1950;Marshall Hawkins;F;25;INO;39;;;;0.343;;0.313;;;;;;;;;;-0.5;0.4;-0.1;;;;;;;55;195;0.282;;;;55;195;0.282;0.282;42;61;0.689;;;;51;;;;87;152
100;1950;Bill Henry;C;25;TOT;63;;;;0.416;;0.633;;;;;;;;;;1;1.5;2.5;;;;;;;89;278;0.32;;;;89;278;0.32;0.32;118;176;0.67;;;;48;;;;122;296
101;1950;Bill Henry;C;25;FTW;44;;;;0.405;;0.598;;;;;;;;;;0.6;1.3;1.9;;;;;;;65;209;0.311;;;;65;209;0.311;0.311;84;125;0.672;;;;39;;;;99;214
102;1950;Bill Henry;C;25;TRI;19;;;;0.448;;0.739;;;;;;;;;;0.4;0.2;0.6;;;;;;;24;69;0.348;;;;24;69;0.348;0.348;34;51;0.667;;;;9;;;;23;82
103;1950;Bill Herman;G;25;DNN;13;;;;0.401;;0.169;;;;;;;;;;0.1;-0.1;0.1;;;;;;;25;65;0.385;;;;25;65;0.385;0.385;6;11;0.545;;;;15;;;;13;56
104;1950;Kleggie Hermsen;C-F;26;CHS;67;;;;0.377;;0.402;;;;;;;;;;-0.2;3.3;3;;;;;;;196;615;0.319;;;;196;615;0.319;0.319;153;247;0.619;;;;98;;;;267;545
105;1950;Sonny Hertzberg;G;27;BOS;68;;;;0.365;;0.221;;;;;;;;;;-0.9;1.6;0.7;;;;;;;275;865;0.318;;;;275;865;0.318;0.318;143;191;0.749;;;;200;;;;153;693
106;1950;Paul Hoffman;G-F;24;BLB;60;;;;0.403;;0.398;;;;;;;;;;2;2.1;4.1;;;;;;;312;914;0.341;;;;312;914;0.341;0.341;242;364;0.665;;;;161;;;;234;866
107;1950;Joe Holland;SF;24;INO;64;;;;0.376;;0.313;;;;;;;;;;0.1;1.1;1.2;;;;;;;145;453;0.32;;;;145;453;0.32;0.32;98;142;0.69;;;;130;;;;220;388
108;1950;Red Holzman*;PG;29;ROC;68;;;;0.388;;0.336;;;;;;;;;;0.9;1.7;2.5;;;;;;;206;625;0.33;;;;206;625;0.33;0.33;144;210;0.686;;;;200;;;;67;556
109;1950;Gene James;F;24;NYK;29;;;;0.335;;0.484;;;;;;;;;;-0.2;0.3;0.1;;;;;;;19;64;0.297;;;;19;64;0.297;0.297;14;31;0.452;;;;20;;;;53;52
110;1950;Howie Janotta;F;25;BLB;9;;;;0.418;;0.533;;;;;;;;;;0.1;0.1;0.2;;;;;;;9;30;0.3;;;;9;30;0.3;0.3;13;16;0.813;;;;4;;;;10;31
111;1950;Tony Jaros;F-G;29;MNL;61;;;;0.362;;0.332;;;;;;;;;;-0.4;1.7;1.3;;;;;;;84;289;0.291;;;;84;289;0.291;0.291;72;96;0.75;;;;60;;;;106;240
112;1950;Buddy Jeannette*;G;32;BLB;37;;;;0.467;;0.899;;;;;;;;;;1.9;0.7;2.6;;;;;;;42;148;0.284;;;;42;148;0.284;0.284;109;133;0.82;;;;93;;;;82;193
113;1950;Arnie Johnson;SF;29;ROC;68;;;;0.493;;0.782;;;;;;;;;;4.8;2.4;7.2;;;;;;;149;376;0.396;;;;149;376;0.396;0.396;200;294;0.68;;;;141;;;;260;498
114;1950;Ralph Johnson;PG;28;TOT;67;;;;0.353;;0.166;;;;;;;;;;-1.5;4.5;2.9;;;;;;;243;779;0.312;;;;243;779;0.312;0.312;104;129;0.806;;;;171;;;;207;590
115;1950;Ralph Johnson;PG;28;AND;35;;;;0.364;;0.195;;;;;;;;;;-0.4;2.8;2.4;;;;;;;133;426;0.312;;;;133;426;0.312;0.312;71;83;0.855;;;;104;;;;112;337
116;1950;Ralph Johnson;PG;28;FTW;32;;;;0.339;;0.13;;;;;;;;;;-1.2;1.7;0.5;;;;;;;110;353;0.312;;;;110;353;0.312;0.312;33;46;0.717;;;;67;;;;95;253
117;1950;Wah Wah;PF;23;INO;60;;;;0.449;;0.421;;;;;;;;;;4.5;1.4;5.9;;;;;;;264;706;0.374;;;;264;706;0.374;0.374;223;297;0.751;;;;194;;;;241;751
118;1950;Noble Jorgensen;C;24;SHE;54;;;;0.456;;0.566;;;;;;;;;;4.1;-0.3;3.8;;;;;;;218;618;0.353;;;;218;618;0.353;0.353;268;350;0.766;;;;90;;;;201;704
119;1950;George Kaftan;SF;21;BOS;55;;;;0.426;;0.389;;;;;;;;;;2.3;1;3.4;;;;;;;199;535;0.372;;;;199;535;0.372;0.372;136;208;0.654;;;;145;;;;92;534
120;1950;Leo Katkaveck;G;26;WSC;54;;;;0.333;;0.17;;;;;;;;;;-1.2;1;-0.2;;;;;;;101;330;0.306;;;;101;330;0.306;0.306;34;56;0.607;;;;68;;;;102;236
121;1950;Jack Kerris;PF;25;TOT;68;;;;0.406;;0.541;;;;;;;;;;1.4;2.7;4.1;;;;;;;157;481;0.326;;;;157;481;0.326;0.326;169;260;0.65;;;;118;;;;175;483
122;1950;Jack Kerris;PF;25;TRI;4;;;;0.416;;0.462;;;;;;;;;;0.1;0.1;0.2;;;;;;;8;26;0.308;;;;8;26;0.308;0.308;10;12;0.833;;;;8;;;;13;26
123;1950;Jack Kerris;PF;25;FTW;64;;;;0.405;;0.545;;;;;;;;;;1.3;2.6;3.9;;;;;;;149;455;0.327;;;;149;455;0.327;0.327;159;248;0.641;;;;110;;;;162;457
124;1950;Bob Kinney;C-F;29;BOS;60;;;;0.438;;0.515;;;;;;;;;;3.2;1.6;4.8;;;;;;;233;621;0.375;;;;233;621;0.375;0.375;201;320;0.628;;;;100;;;;251;667
125;1950;Walt Kirk;PG;25;TOT;58;;;;0.383;;0.598;;;;;;;;;;0.3;2;2.3;;;;;;;97;361;0.269;;;;97;361;0.269;0.269;155;216;0.718;;;;103;;;;155;349
126;1950;Walt Kirk;PG;25;AND;26;;;;0.368;;0.664;;;;;;;;;;0;1.3;1.3;;;;;;;31;125;0.248;;;;31;125;0.248;0.248;57;83;0.687;;;;43;;;;63;119
127;1950;Walt Kirk;PG;25;TRI;32;;;;0.39;;0.564;;;;;;;;;;0.3;0.7;1.1;;;;;;;66;236;0.28;;;;66;236;0.28;0.28;98;133;0.737;;;;60;;;;92;230
128;1950;Leo Klier;F-G;26;FTW;66;;;;0.379;;0.368;;;;;;;;;;0.1;2.9;3;;;;;;;157;516;0.304;;;;157;516;0.304;0.304;141;190;0.742;;;;121;;;;177;455
129;1950;Duane Klueh;G;24;TOT;52;;;;0.464;;0.536;;;;;;;;;;3.4;0.3;3.7;;;;;;;159;414;0.384;;;;159;414;0.384;0.384;157;222;0.707;;;;91;;;;111;475
130;1950;Duane Klueh;G;24;DNN;33;;;;0.448;;0.507;;;;;;;;;;1.9;-0.3;1.6;;;;;;;110;302;0.364;;;;110;302;0.364;0.364;111;153;0.725;;;;63;;;;73;331
131;1950;Duane Klueh;G;24;FTW;19;;;;0.506;;0.616;;;;;;;;;;1.4;0.6;2.1;;;;;;;49;112;0.438;;;;49;112;0.438;0.438;46;69;0.667;;;;28;;;;38;144
132;1950;Lee Knorek;C;28;BLB;1;;;;0;;0;;;;;;;;;;-0.1;0;0;;;;;;;0;2;0;;;;0;2;0;0;0;0;;;;;0;;;;4;0
133;1950;Milo Komenich;F-C;29;AND;64;;;;0.326;;0.29;;;;;;;;;;-3.7;5.2;1.4;;;;;;;244;861;0.283;;;;244;861;0.283;0.283;146;250;0.584;;;;124;;;;246;634
134;1950;Leo Kubiak;G;22;WAT;62;;;;0.395;;0.297;;;;;;;;;;1.3;-0.8;0.5;;;;;;;259;794;0.326;;;;259;794;0.326;0.326;192;236;0.814;;;;201;;;;250;710
135;1950;Frank Kudelka;G-F;24;CHS;65;;;;0.367;;0.265;;;;;;;;;;-0.4;2.8;2.4;;;;;;;172;528;0.326;;;;172;528;0.326;0.326;89;140;0.636;;;;132;;;;198;433
136;1950;Walt Lautenbach;G-F;27;SHE;55;;;;0.334;;0.166;;;;;;;;;;-1.1;-0.2;-1.3;;;;;;;100;332;0.301;;;;100;332;0.301;0.301;38;55;0.691;;;;73;;;;122;238
137;1950;Tony Lavelli;F;23;BOS;56;;;;0.471;;0.452;;;;;;;;;;3.4;0.8;4.2;;;;;;;162;436;0.372;;;;162;436;0.372;0.372;168;197;0.853;;;;40;;;;107;492
138;1950;Ed Leede;F-G;22;BOS;64;;;;0.442;;0.623;;;;;;;;;;3.2;1.3;4.5;;;;;;;174;507;0.343;;;;174;507;0.343;0.343;223;316;0.706;;;;130;;;;167;571
139;1950;Andrew Levane;F-G;29;SYR;60;;;;0.365;;0.203;;;;;;;;;;-0.2;2;1.8;;;;;;;139;418;0.333;;;;139;418;0.333;0.333;54;85;0.635;;;;156;;;;106;332
140;1950;Freddie Lewis;F-G;29;TOT;34;;;;0.295;;0.174;;;;;;;;;;-1.4;0.5;-0.9;;;;;;;46;184;0.25;;;;46;184;0.25;0.25;25;32;0.781;;;;25;;;;40;117
141;1950;Freddie Lewis;F-G;29;BLB;18;;;;0.266;;0.173;;;;;;;;;;-1.1;0.2;-0.9;;;;;;;25;110;0.227;;;;25;110;0.227;0.227;13;19;0.684;;;;18;;;;23;63
142;1950;Freddie Lewis;F-G;29;PHW;16;;;;0.339;;0.176;;;;;;;;;;-0.3;0.3;0;;;;;;;21;74;0.284;;;;21;74;0.284;0.284;12;13;0.923;;;;7;;;;17;54
143;1950;Ron Livingstone;C;24;TOT;54;;;;0.341;;0.306;;;;;;;;;;-1.8;3.2;1.4;;;;;;;163;579;0.282;;;;163;579;0.282;0.282;122;177;0.689;;;;141;;;;260;448
144;1950;Ron Livingstone;C;24;BLB;16;;;;0.348;;0.451;;;;;;;;;;-0.3;0.4;0.1;;;;;;;25;102;0.245;;;;25;102;0.245;0.245;35;46;0.761;;;;24;;;;54;85
145;1950;Ron Livingstone;C;24;PHW;38;;;;0.339;;0.275;;;;;;;;;;-1.5;2.9;1.3;;;;;;;138;477;0.289;;;;138;477;0.289;0.289;87;131;0.664;;;;117;;;;206;363
146;1950;John Logan;G;29;STB;62;;;;0.419;;0.426;;;;;;;;;;3.4;0.9;4.3;;;;;;;251;759;0.331;;;;251;759;0.331;0.331;253;323;0.783;;;;240;;;;206;755
147;1950;Ray Lumpp;G;26;NYK;58;;;;0.405;;0.382;;;;;;;;;;0.9;0.8;1.7;;;;;;;91;283;0.322;;;;91;283;0.322;0.322;86;108;0.796;;;;90;;;;117;268
148;1950;Ed Macauley*;C-F;21;STB;67;;;;0.485;;0.599;;;;;;;;;;9.7;0.9;10.6;;;;;;;351;882;0.398;;;;351;882;0.398;0.398;379;528;0.718;;;;200;;;;221;1081
149;1950;Johnny Macknowski;G-F;27;SYR;59;;;;0.405;;0.384;;;;;;;;;;0.9;1.8;2.8;;;;;;;154;463;0.333;;;;154;463;0.333;0.333;131;178;0.736;;;;65;;;;128;439
150;1950;John Mahnken;C;27;TOT;62;;;;0.313;;0.232;;;;;;;;;;-2.6;1.6;-1;;;;;;;132;495;0.267;;;;132;495;0.267;0.267;77;115;0.67;;;;108;;;;231;341
151;1950;John Mahnken;C;27;FTW;2;;;;0.376;;0.375;;;;;;;;;;0;0.1;0.1;;;;;;;3;8;0.375;;;;3;8;0.375;0.375;1;3;0.333;;;;2;;;;8;7
152;1950;John Mahnken;C;27;TRI;36;;;;0.316;;0.238;;;;;;;;;;-1.6;1;-0.6;;;;;;;85;319;0.266;;;;85;319;0.266;0.266;53;76;0.697;;;;64;;;;149;223
153;1950;John Mahnken;C;27;BOS;24;;;;0.302;;0.214;;;;;;;;;;-1;0.5;-0.5;;;;;;;44;168;0.262;;;;44;168;0.262;0.262;23;36;0.639;;;;42;;;;74;111
154;1950;John Mandic;F-C;30;TOT;25;;;;0.37;;0.427;;;;;;;;;;-0.1;0.3;0.3;;;;;;;22;75;0.293;;;;22;75;0.293;0.293;22;32;0.688;;;;8;;;;54;66
155;1950;John Mandic;F-C;30;WSC;22;;;;0.396;;0.462;;;;;;;;;;0.1;0.3;0.4;;;;;;;21;65;0.323;;;;21;65;0.323;0.323;20;30;0.667;;;;7;;;;47;62
156;1950;John Mandic;F-C;30;BLB;3;;;;0.184;;0.2;;;;;;;;;;-0.2;0;-0.1;;;;;;;1;10;0.1;;;;1;10;0.1;0.1;2;2;1;;;;1;;;;7;4
157;1950;Slater Martin*;PG;24;MNL;67;;;;0.395;;0.308;;;;;;;;;;0.9;2.6;3.5;;;;;;;106;302;0.351;;;;106;302;0.351;0.351;59;93;0.634;;;;148;;;;162;271
158;1950;Ariel Maughan;F;26;STB;68;;;;0.359;;0.357;;;;;;;;;;-1.1;0.6;-0.5;;;;;;;160;574;0.279;;;;160;574;0.279;0.279;157;205;0.766;;;;101;;;;174;477
159;1950;Matt Mazza;F;26;SHE;26;;;;0.378;;0.409;;;;;;;;;;0;-0.1;0;;;;;;;33;110;0.3;;;;33;110;0.3;0.3;32;45;0.711;;;;29;;;;34;98
160;1950;Mike McCarron;G;27;TOT;8;;;;0.262;;0.333;;;;;;;;;;-0.2;0;-0.1;;;;;;;3;15;0.2;;;;3;15;0.2;0.2;3;5;0.6;;;;3;;;;5;9
161;1950;Mike McCarron;G;27;BLB;3;;;;0.316;;0.6;;;;;;;;;;0;0;0;;;;;;;1;5;0.2;;;;1;5;0.2;0.2;2;3;0.667;;;;1;;;;5;4
162;1950;Mike McCarron;G;27;STB;5;;;;0.23;;0.2;;;;;;;;;;-0.1;0;-0.1;;;;;;;2;10;0.2;;;;2;10;0.2;0.2;1;2;0.5;;;;2;;;;0;5
163;1950;Dick McGuire*;PG;24;NYK;68;;;;0.417;;0.556;;;;;;;;;;3.4;1.9;5.3;;;;;;;190;563;0.337;;;;190;563;0.337;0.337;204;313;0.652;;;;386;;;;160;584
164;1950;Bones McKinney;SF;31;WSC;53;;;;0.352;;0.241;;;;;;;;;;-1.5;1.7;0.2;;;;;;;187;631;0.296;;;;187;631;0.296;0.296;118;152;0.776;;;;88;;;;185;492
165;1950;Mal McMullen;F-C;22;INO;58;;;;0.365;;0.371;;;;;;;;;;-0.4;0.9;0.6;;;;;;;123;380;0.324;;;;123;380;0.324;0.324;77;141;0.546;;;;87;;;;212;323
166;1950;Dick Mehen;PF;27;WAT;62;;;;0.47;;0.34;;;;;;;;;;6.3;-0.7;5.6;;;;;;;347;826;0.42;;;;347;826;0.42;0.42;198;281;0.705;;;;191;;;;203;892
167;1950;Ken Menke;G;27;WAT;6;;;;0.365;;0.471;;;;;;;;;;0;0;0;;;;;;;6;17;0.353;;;;6;17;0.353;0.353;3;8;0.375;;;;7;;;;7;15
168;1950;Stan Miasek;C-F;25;CHS;68;;;;0.445;;0.478;;;;;;;;;;2.8;2.9;5.8;;;;;;;176;462;0.381;;;;176;462;0.381;0.381;146;221;0.661;;;;75;;;;264;498
169;1950;Ed Mikan;C;24;TOT;65;;;;0.361;;0.374;;;;;;;;;;-0.6;1.4;0.8;;;;;;;89;321;0.277;;;;89;321;0.277;0.277;92;120;0.767;;;;42;;;;143;270
170;1950;Ed Mikan;C;24;CHS;21;;;;0.351;;0.457;;;;;;;;;;-0.4;0.6;0.2;;;;;;;31;127;0.244;;;;31;127;0.244;0.244;45;58;0.776;;;;14;;;;48;107
171;1950;Ed Mikan;C;24;ROC;44;;;;0.368;;0.32;;;;;;;;;;-0.2;0.8;0.6;;;;;;;58;194;0.299;;;;58;194;0.299;0.299;47;62;0.758;;;;28;;;;95;163
172;1950;George Mikan*;C;25;MNL;68;;;;0.487;;0.456;;;;;;;;;;15.3;5.8;21.1;;;;;;;649;1595;0.407;;;;649;1595;0.407;0.407;567;728;0.779;;;;197;;;;297;1865
173;1950;Vern Mikkelsen*;PF;21;MNL;68;;;;0.466;;0.396;;;;;;;;;;5.6;3.6;9.2;;;;;;;288;722;0.399;;;;288;722;0.399;0.399;215;286;0.752;;;;123;;;;222;791
174;1950;Al Miksis;C;21;WAT;8;;;;0.446;;1;;;;;;;;;;0.2;0;0.1;;;;;;;5;21;0.238;;;;5;21;0.238;0.238;17;21;0.81;;;;4;;;;22;27
175;1950;Murray Mitchell;C;26;AND;2;;;;0.333;;0;;;;;;;;;;0;0;0;;;;;;;1;3;0.333;;;;1;3;0.333;0.333;0;0;;;;;2;;;;1;2
176;1950;Leo Mogus;F-C;28;PHW;64;;;;0.496;;0.691;;;;;;;;;;5.6;2.4;8;;;;;;;172;434;0.396;;;;172;434;0.396;0.396;218;300;0.727;;;;99;;;;169;562
177;1950;Max Morris;F-C;24;SHE;62;;;;0.445;;0.598;;;;;;;;;;4.4;-0.4;4.1;;;;;;;252;694;0.363;;;;252;694;0.363;0.363;277;415;0.667;;;;194;;;;172;781
178;1950;Joe Mullaney;G;24;BOS;37;;;;0.196;;0.214;;;;;;;;;;-0.9;0.3;-0.6;;;;;;;9;70;0.129;;;;9;70;0.129;0.129;12;15;0.8;;;;52;;;;30;30
179;1950;Jerry Nagel;G;21;FTW;14;;;;0.218;;0.143;;;;;;;;;;-0.3;0.2;-0.1;;;;;;;6;28;0.214;;;;6;28;0.214;0.214;1;4;0.25;;;;18;;;;11;13
180;1950;Jack Nichols;PF;23;TOT;67;;;;0.44;;0.406;;;;;;;;;;4.7;2;6.7;;;;;;;310;848;0.366;;;;310;848;0.366;0.366;259;344;0.753;;;;142;;;;179;879
181;1950;Jack Nichols;PF;23;WSC;49;;;;0.434;;0.404;;;;;;;;;;3.2;1.4;4.5;;;;;;;228;629;0.362;;;;228;629;0.362;0.362;187;254;0.736;;;;81;;;;118;643
182;1950;Jack Nichols;PF;23;TRI;18;;;;0.456;;0.411;;;;;;;;;;1.5;0.6;2.1;;;;;;;82;219;0.374;;;;82;219;0.374;0.374;72;90;0.8;;;;61;;;;61;236
183;1950;Richie Niemiera;G-F;28;TOT;60;;;;0.394;;0.397;;;;;;;;;;0.7;2.1;2.7;;;;;;;110;350;0.314;;;;110;350;0.314;0.314;104;139;0.748;;;;116;;;;77;324
184;1950;Richie Niemiera;G-F;28;FTW;31;;;;0.364;;0.353;;;;;;;;;;-0.2;1;0.8;;;;;;;59;207;0.285;;;;59;207;0.285;0.285;56;73;0.767;;;;61;;;;42;174
185;1950;Richie Niemiera;G-F;28;AND;29;;;;0.436;;0.462;;;;;;;;;;0.8;1.1;1.9;;;;;;;51;143;0.357;;;;51;143;0.357;0.357;48;66;0.727;;;;55;;;;35;150
186;1950;Paul Noel;F;25;NYK;65;;;;0.378;;0.299;;;;;;;;;;0;0.8;0.9;;;;;;;98;291;0.337;;;;98;291;0.337;0.337;53;87;0.609;;;;67;;;;132;249
187;1950;Jim Nolan;C;22;PHW;5;;;;0.19;;0;;;;;;;;;;-0.3;0.2;-0.2;;;;;;;4;21;0.19;;;;4;21;0.19;0.19;0;0;;;;;4;;;;14;8
188;1950;Johnny Norlander;F;28;WSC;40;;;;0.38;;0.29;;;;;;;;;;-0.1;0.7;0.6;;;;;;;99;293;0.338;;;;99;293;0.338;0.338;53;85;0.624;;;;33;;;;71;251
189;1950;George Nostrand;C-F;26;TOT;55;;;;0.355;;0.388;;;;;;;;;;-0.7;1.1;0.4;;;;;;;78;255;0.306;;;;78;255;0.306;0.306;56;99;0.566;;;;29;;;;118;212
190;1950;George Nostrand;C-F;26;BOS;18;;;;0.37;;0.492;;;;;;;;;;-0.1;0.3;0.2;;;;;;;36;120;0.3;;;;36;120;0.3;0.3;36;59;0.61;;;;17;;;;46;108
191;1950;George Nostrand;C-F;26;TRI;1;;;;0.492;;0.5;;;;;;;;;;0.1;0;0.1;;;;;;;5;10;0.5;;;;5;10;0.5;0.5;2;5;0.4;;;;1;;;;1;12
192;1950;George Nostrand;C-F;26;CHS;36;;;;0.328;;0.28;;;;;;;;;;-0.6;0.7;0.1;;;;;;;37;125;0.296;;;;37;125;0.296;0.296;18;35;0.514;;;;11;;;;71;92
193;1950;Mike Novak;C-F;34;TOT;60;;;;0.292;;0.315;;;;;;;;;;-1;1.6;0.6;;;;;;;37;149;0.248;;;;37;149;0.248;0.248;25;47;0.532;;;;61;;;;139;99
194;1950;Mike Novak;C-F;34;ROC;5;;;;0.131;;0.091;;;;;;;;;;-0.2;0.1;-0.1;;;;;;;1;11;0.091;;;;1;11;0.091;0.091;1;1;1;;;;4;;;;10;3
195;1950;Mike Novak;C-F;34;PHW;55;;;;0.303;;0.333;;;;;;;;;;-0.8;1.5;0.7;;;;;;;36;138;0.261;;;;36;138;0.261;0.261;24;46;0.522;;;;57;;;;129;96
196;1950;Dermie O'Connell;G;21;TOT;61;;;;0.29;;0.209;;;;;;;;;;-3.2;0.7;-2.5;;;;;;;111;425;0.261;;;;111;425;0.261;0.261;47;89;0.528;;;;91;;;;91;269
197;1950;Dermie O'Connell;G;21;BOS;37;;;;0.294;;0.211;;;;;;;;;;-1.9;0.6;-1.3;;;;;;;72;275;0.262;;;;72;275;0.262;0.262;33;58;0.569;;;;64;;;;62;177
198;1950;Dermie O'Connell;G;21;STB;24;;;;0.281;;0.207;;;;;;;;;;-1.3;0.1;-1.2;;;;;;;39;150;0.26;;;;39;150;0.26;0.26;14;31;0.452;;;;27;;;;29;92
199;1950;Andy O'Donnell;G;24;BLB;25;;;;0.388;;0.167;;;;;;;;;;0.1;0.3;0.3;;;;;;;38;108;0.352;;;;38;108;0.352;0.352;14;18;0.778;;;;17;;;;32;90
200;1950;Dick O'Keefe;G-F;26;WSC;68;;;;0.383;;0.384;;;;;;;;;;0.2;1.9;2.1;;;;;;;162;529;0.306;;;;162;529;0.306;0.306;150;203;0.739;;;;74;;;;247;474
201;1950;John Oldham;G;26;FTW;59;;;;0.364;;0.34;;;;;;;;;;-0.5;2.8;2.3;;;;;;;127;426;0.298;;;;127;426;0.298;0.298;103;145;0.71;;;;99;;;;192;357
202;1950;Gene Ollrich;G;27;WAT;14;;;;0.281;;0.194;;;;;;;;;;-0.5;-0.1;-0.6;;;;;;;17;72;0.236;;;;17;72;0.236;0.236;10;14;0.714;;;;24;;;;34;44
203;1950;Johnny Orr;F;22;TOT;34;;;;0.37;;0.119;;;;;;;;;;-0.1;0;-0.1;;;;;;;40;118;0.339;;;;40;118;0.339;0.339;12;14;0.857;;;;20;;;;34;92
204;1950;Johnny Orr;F;22;STB;21;;;;0.399;;0.149;;;;;;;;;;0.1;0.1;0.1;;;;;;;17;47;0.362;;;;17;47;0.362;0.362;6;7;0.857;;;;6;;;;19;40
205;1950;Johnny Orr;F;22;WAT;13;;;;0.351;;0.099;;;;;;;;;;-0.2;-0.1;-0.2;;;;;;;23;71;0.324;;;;23;71;0.324;0.324;6;7;0.857;;;;14;;;;15;52
206;1950;Don Otten;C;28;TOT;64;;;;0.484;;0.715;;;;;;;;;;6.7;1.8;8.5;;;;;;;242;648;0.373;;;;242;648;0.373;0.373;341;463;0.737;;;;91;;;;246;825
207;1950;Don Otten;C;28;TRI;46;;;;0.472;;0.698;;;;;;;;;;4;1.3;5.2;;;;;;;165;451;0.366;;;;165;451;0.366;0.366;226;315;0.717;;;;73;;;;180;556
208;1950;Don Otten;C;28;WSC;18;;;;0.513;;0.751;;;;;;;;;;2.8;0.5;3.3;;;;;;;77;197;0.391;;;;77;197;0.391;0.391;115;148;0.777;;;;18;;;;66;269
209;1950;Mac Otten;F-C;24;TOT;59;;;;0.372;;0.523;;;;;;;;;;-0.1;0.4;0.3;;;;;;;51;155;0.329;;;;51;155;0.329;0.329;40;81;0.494;;;;36;;;;119;142
210;1950;Mac Otten;F-C;24;TRI;12;;;;0.446;;0.647;;;;;;;;;;0.2;0.2;0.4;;;;;;;12;34;0.353;;;;12;34;0.353;0.353;15;22;0.682;;;;11;;;;27;39
211;1950;Mac Otten;F-C;24;STB;47;;;;0.35;;0.488;;;;;;;;;;-0.3;0.2;-0.1;;;;;;;39;121;0.322;;;;39;121;0.322;0.322;25;59;0.424;;;;25;;;;92;103
212;1950;Red Owens;SG;24;TOT;61;;;;0.361;;0.351;;;;;;;;;;-0.3;2;1.7;;;;;;;86;288;0.299;;;;86;288;0.299;0.299;68;101;0.673;;;;73;;;;152;240
213;1950;Red Owens;SG;24;TRI;26;;;;0.38;;0.431;;;;;;;;;;0;0.5;0.5;;;;;;;42;137;0.307;;;;42;137;0.307;0.307;40;59;0.678;;;;32;;;;65;124
214;1950;Red Owens;SG;24;AND;35;;;;0.342;;0.278;;;;;;;;;;-0.4;1.6;1.2;;;;;;;44;151;0.291;;;;44;151;0.291;0.291;28;42;0.667;;;;41;;;;87;116
215;1950;Easy Parham;F-G;28;STB;66;;;;0.362;;0.423;;;;;;;;;;-0.5;0.6;0.1;;;;;;;137;421;0.325;;;;137;421;0.325;0.325;88;178;0.494;;;;132;;;;158;362
216;1950;Jack Parkinson;G;25;INO;4;;;;0.121;;0.083;;;;;;;;;;-0.2;0;-0.2;;;;;;;1;12;0.083;;;;1;12;0.083;0.083;1;1;1;;;;2;;;;3;3
217;1950;Charlie Parsley;G;24;PHW;9;;;;0.323;;0.226;;;;;;;;;;-0.1;0.1;0;;;;;;;8;31;0.258;;;;8;31;0.258;0.258;6;7;0.857;;;;8;;;;7;22
218;1950;Stan Patrick;F-G;27;TOT;53;;;;0.447;;0.5;;;;;;;;;;1.9;-0.2;1.6;;;;;;;116;294;0.395;;;;116;294;0.395;0.395;89;147;0.605;;;;74;;;;76;321
219;1950;Stan Patrick;F-G;27;WAT;34;;;;0.486;;0.578;;;;;;;;;;1.9;-0.2;1.7;;;;;;;79;187;0.422;;;;79;187;0.422;0.422;70;108;0.648;;;;41;;;;43;228
220;1950;Stan Patrick;F-G;27;SHE;19;;;;0.375;;0.364;;;;;;;;;;0;-0.1;-0.1;;;;;;;37;107;0.346;;;;37;107;0.346;0.346;19;39;0.487;;;;33;;;;33;93
221;1950;Johnny Payak;SG;23;TOT;52;;;;0.389;;0.523;;;;;;;;;;0.5;-0.1;0.4;;;;;;;98;331;0.296;;;;98;331;0.296;0.296;121;173;0.699;;;;86;;;;113;317
222;1950;Johnny Payak;SG;23;PHW;17;;;;0.449;;0.656;;;;;;;;;;0.2;0.2;0.5;;;;;;;12;32;0.375;;;;12;32;0.375;0.375;13;21;0.619;;;;8;;;;18;37
223;1950;Johnny Payak;SG;23;WAT;35;;;;0.383;;0.508;;;;;;;;;;0.2;-0.3;-0.1;;;;;;;86;299;0.288;;;;86;299;0.288;0.288;108;152;0.711;;;;78;;;;95;280
224;1950;Warren Perkins;G-F;27;TRI;60;;;;0.365;;0.462;;;;;;;;;;-0.4;1.7;1.3;;;;;;;128;422;0.303;;;;128;422;0.303;0.303;115;195;0.59;;;;114;;;;260;371
225;1950;Ed Peterson;C;25;SYR;62;;;;0.472;;0.474;;;;;;;;;;3;2.1;5.1;;;;;;;167;390;0.428;;;;167;390;0.428;0.428;111;185;0.6;;;;33;;;;198;445
226;1950;Jack Phelan;F;24;TOT;55;;;;0.367;;0.336;;;;;;;;;;-0.3;-0.3;-0.5;;;;;;;87;268;0.325;;;;87;268;0.325;0.325;52;90;0.578;;;;57;;;;151;226
227;1950;Jack Phelan;F;24;WAT;15;;;;0.383;;0.348;;;;;;;;;;0;-0.1;-0.1;;;;;;;24;69;0.348;;;;24;69;0.348;0.348;13;24;0.542;;;;16;;;;48;61
228;1950;Jack Phelan;F;24;SHE;40;;;;0.362;;0.332;;;;;;;;;;-0.3;-0.1;-0.4;;;;;;;63;199;0.317;;;;63;199;0.317;0.317;39;66;0.591;;;;41;;;;103;165
229;1950;Andy Phillip*;G-F;27;CHS;65;;;;0.406;;0.332;;;;;;;;;;3.1;4.6;7.7;;;;;;;284;814;0.349;;;;284;814;0.349;0.349;190;270;0.704;;;;377;;;;210;758
230;1950;Jim Pollard*;SF;27;MNL;66;;;;0.39;;0.212;;;;;;;;;;1.2;4.1;5.4;;;;;;;394;1140;0.346;;;;394;1140;0.346;0.346;185;242;0.764;;;;252;;;;143;973
231;1950;John Pritchard;C;23;WAT;7;;;;0.325;;0.379;;;;;;;;;;-0.1;0;-0.2;;;;;;;9;29;0.31;;;;9;29;0.31;0.31;4;11;0.364;;;;8;;;;14;22
232;1950;Les Pugh;C-F;26;BLB;56;;;;0.377;;0.498;;;;;;;;;;-0.2;0.7;0.6;;;;;;;68;273;0.249;;;;68;273;0.249;0.249;115;136;0.846;;;;16;;;;118;251
233;1950;Don Putman;G;27;STB;57;;;;0.303;;0.26;;;;;;;;;;-1.1;0.4;-0.7;;;;;;;51;200;0.255;;;;51;200;0.255;0.255;33;52;0.635;;;;90;;;;116;135
234;1950;George Ratkovicz;PF;27;SYR;62;;;;0.452;;0.793;;;;;;;;;;3.4;2.6;6;;;;;;;162;439;0.369;;;;162;439;0.369;0.369;211;348;0.606;;;;124;;;;201;535
235;1950;Don Ray;F-C;28;TRI;61;;;;0.388;;0.37;;;;;;;;;;0.2;1.1;1.3;;;;;;;130;403;0.323;;;;130;403;0.323;0.323;104;149;0.698;;;;60;;;;147;364
236;1950;Chick Reiser;G-F;35;WSC;67;;;;0.4;;0.393;;;;;;;;;;1.7;2.2;3.9;;;;;;;197;646;0.305;;;;197;646;0.305;0.305;212;254;0.835;;;;174;;;;223;606
237;1950;Arnie Risen*;C;25;ROC;62;;;;0.423;;0.537;;;;;;;;;;2.4;2.2;4.6;;;;;;;206;598;0.344;;;;206;598;0.344;0.344;213;321;0.664;;;;92;;;;228;625
238;1950;Tex Ritter;G-F;25;NYK;62;;;;0.434;;0.593;;;;;;;;;;1.6;0.7;2.3;;;;;;;100;297;0.337;;;;100;297;0.337;0.337;125;176;0.71;;;;51;;;;101;325
239;1950;Bill Roberts;C;24;STB;67;;;;0.38;;0.176;;;;;;;;;;-0.1;0.3;0.2;;;;;;;77;222;0.347;;;;77;222;0.347;0.347;28;39;0.718;;;;24;;;;90;182
240;1950;Red Rocha;C;26;STB;65;;;;0.471;;0.461;;;;;;;;;;6.2;0.8;7;;;;;;;275;679;0.405;;;;275;679;0.405;0.405;220;313;0.703;;;;155;;;;257;770
241;1950;Kenny Rollins;PG;26;CHS;66;;;;0.385;;0.211;;;;;;;;;;0.4;2.2;2.6;;;;;;;144;421;0.342;;;;144;421;0.342;0.342;66;89;0.742;;;;131;;;;129;354
242;1950;Bob Royer;G;22;DNN;42;;;;0.384;;0.251;;;;;;;;;;0.3;-0.3;0;;;;;;;78;231;0.338;;;;78;231;0.338;0.338;41;58;0.707;;;;85;;;;72;197
243;1950;Jerry Rullo;G;26;PHW;4;;;;0.371;;0.111;;;;;;;;;;0;0;0;;;;;;;3;9;0.333;;;;3;9;0.333;0.333;1;1;1;;;;2;;;;2;7
244;1950;Ed Sadowski;C;32;TOT;69;;;;0.401;;0.405;;;;;;;;;;1.8;2.5;4.3;;;;;;;299;922;0.324;;;;299;922;0.324;0.324;274;373;0.735;;;;136;;;;244;872
245;1950;Ed Sadowski;C;32;PHW;17;;;;0.392;;0.49;;;;;;;;;;0.3;0.9;1.2;;;;;;;47;153;0.307;;;;47;153;0.307;0.307;52;75;0.693;;;;39;;;;63;146
246;1950;Ed Sadowski;C;32;BLB;52;;;;0.403;;0.388;;;;;;;;;;1.5;1.6;3.1;;;;;;;252;769;0.328;;;;252;769;0.328;0.328;222;298;0.745;;;;97;;;;181;726
247;1950;Kenny Sailors;G;29;DNN;57;;;;0.431;;0.483;;;;;;;;;;4.8;-1;3.7;;;;;;;329;944;0.349;;;;329;944;0.349;0.349;329;456;0.721;;;;229;;;;242;987
248;1950;Pep Saul;SG;25;ROC;49;;;;0.447;;0.257;;;;;;;;;;1;0.5;1.5;;;;;;;74;183;0.404;;;;74;183;0.404;0.404;34;47;0.723;;;;28;;;;33;182
249;1950;Herm Schaefer;G-F;31;MNL;65;;;;0.46;;0.322;;;;;;;;;;2.9;2.4;5.4;;;;;;;122;314;0.389;;;;122;314;0.389;0.389;86;101;0.851;;;;203;;;;104;330
250;1950;Marv Schatzman;F;22;BLB;34;;;;0.293;;0.287;;;;;;;;;;-1.3;0.4;-0.9;;;;;;;43;174;0.247;;;;43;174;0.247;0.247;29;50;0.58;;;;38;;;;49;115
251;1950;Fred Schaus;F;24;FTW;68;;;;0.426;;0.331;;;;;;;;;;4;4.3;8.4;;;;;;;351;996;0.352;;;;351;996;0.352;0.352;270;330;0.818;;;;176;;;;232;972
252;1950;Dolph Schayes*;F-C;21;SYR;64;;;;0.48;;0.538;;;;;;;;;;8.8;4;12.8;;;;;;;348;903;0.385;;;;348;903;0.385;0.385;376;486;0.774;;;;259;;;;225;1072
253;1950;Milt Schoon;C;27;SHE;62;;;;0.498;;0.82;;;;;;;;;;4.3;-0.3;4;;;;;;;150;366;0.41;;;;150;366;0.41;0.41;196;300;0.653;;;;84;;;;190;496
254;1950;Howie Schultz;PF;27;TOT;67;;;;0.348;;0.42;;;;;;;;;;-1.6;4.6;3;;;;;;;179;671;0.267;;;;179;671;0.267;0.267;196;282;0.695;;;;169;;;;244;554
255;1950;Howie Schultz;PF;27;AND;35;;;;0.366;;0.506;;;;;;;;;;-0.2;2.6;2.5;;;;;;;83;316;0.263;;;;83;316;0.263;0.263;117;160;0.731;;;;88;;;;125;283
256;1950;Howie Schultz;PF;27;FTW;32;;;;0.332;;0.344;;;;;;;;;;-1.4;2;0.5;;;;;;;96;355;0.27;;;;96;355;0.27;0.27;79;122;0.648;;;;81;;;;119;271
257;1950;Dick Schulz;F-G;33;TOT;50;;;;0.401;;0.519;;;;;;;;;;0.6;0.2;0.8;;;;;;;63;212;0.297;;;;63;212;0.297;0.297;83;110;0.755;;;;66;;;;106;209
258;1950;Dick Schulz;F-G;33;WSC;13;;;;0.375;;0.622;;;;;;;;;;0;0.2;0.2;;;;;;;12;45;0.267;;;;12;45;0.267;0.267;19;28;0.679;;;;10;;;;27;43
259;1950;Dick Schulz;F-G;33;TRI;8;;;;0.378;;0.467;;;;;;;;;;0;0.1;0.1;;;;;;;13;45;0.289;;;;13;45;0.289;0.289;15;21;0.714;;;;8;;;;12;41
260;1950;Dick Schulz;F-G;33;SHE;29;;;;0.42;;0.5;;;;;;;;;;0.6;-0.1;0.4;;;;;;;38;122;0.311;;;;38;122;0.311;0.311;49;61;0.803;;;;48;;;;67;125
261;1950;Fred Scolari;PG;27;WSC;66;;;;0.415;;0.315;;;;;;;;;;3.1;2.3;5.4;;;;;;;312;910;0.343;;;;312;910;0.343;0.343;236;287;0.822;;;;175;;;;181;860
262;1950;Wayne See;G;26;WAT;61;;;;0.442;;0.446;;;;;;;;;;2;-0.4;1.6;;;;;;;113;303;0.373;;;;113;303;0.373;0.373;94;135;0.696;;;;143;;;;147;320
263;1950;Glen Selbo;G-F;23;SHE;13;;;;0.329;;0.569;;;;;;;;;;-0.2;0;-0.2;;;;;;;10;51;0.196;;;;10;51;0.196;0.196;22;29;0.759;;;;23;;;;15;42
264;1950;Rollie Seltz;G-F;26;AND;34;;;;0.375;;0.337;;;;;;;;;;0;1.8;1.8;;;;;;;93;309;0.301;;;;93;309;0.301;0.301;80;104;0.769;;;;64;;;;72;266
265;1950;Jim Seminoff;G-F;27;BOS;65;;;;0.427;;0.664;;;;;;;;;;2.3;1.4;3.6;;;;;;;85;283;0.3;;;;85;283;0.3;0.3;142;188;0.755;;;;249;;;;154;312
266;1950;George Senesky;PG;27;PHW;68;;;;0.379;;0.315;;;;;;;;;;0.7;3.7;4.4;;;;;;;227;709;0.32;;;;227;709;0.32;0.32;157;223;0.704;;;;264;;;;164;611
267;1950;Paul Seymour;G-F;22;SYR;62;;;;0.396;;0.336;;;;;;;;;;1.1;2.7;3.8;;;;;;;175;524;0.334;;;;175;524;0.334;0.334;126;176;0.716;;;;189;;;;157;476
268;1950;Carl Shaeffer;F-G;25;INO;43;;;;0.405;;0.356;;;;;;;;;;0.4;0.4;0.8;;;;;;;59;160;0.369;;;;59;160;0.369;0.369;32;57;0.561;;;;40;;;;103;150
269;1950;Howie Shannon;G-F;26;BOS;67;;;;0.404;;0.282;;;;;;;;;;1.5;1.4;2.9;;;;;;;222;646;0.344;;;;222;646;0.344;0.344;143;182;0.786;;;;174;;;;148;587
270;1950;Charley Shipp;G-F;36;WAT;23;;;;0.336;;0.372;;;;;;;;;;-0.4;-0.2;-0.6;;;;;;;35;137;0.255;;;;35;137;0.255;0.255;37;51;0.725;;;;46;;;;46;107
271;1950;Connie Simmons;C-F;24;NYK;60;;;;0.395;;0.41;;;;;;;;;;0.9;1.5;2.4;;;;;;;241;729;0.331;;;;241;729;0.331;0.331;198;299;0.662;;;;102;;;;203;680
272;1950;Belus Smawley;SG;31;STB;61;;;;0.43;;0.377;;;;;;;;;;4.3;0.8;5;;;;;;;287;832;0.345;;;;287;832;0.345;0.345;260;314;0.828;;;;215;;;;160;834
273;1950;Jack Smiley;F-G;27;TOT;59;;;;0.367;;0.552;;;;;;;;;;0.1;0.1;0.2;;;;;;;98;364;0.269;;;;98;364;0.269;0.269;136;201;0.677;;;;161;;;;193;332
274;1950;Jack Smiley;F-G;27;AND;12;;;;0.198;;0.48;;;;;;;;;;-0.7;0.6;-0.2;;;;;;;6;50;0.12;;;;6;50;0.12;0.12;12;24;0.5;;;;14;;;;35;24
275;1950;Jack Smiley;F-G;27;WAT;47;;;;0.393;;0.564;;;;;;;;;;0.8;-0.5;0.4;;;;;;;92;314;0.293;;;;92;314;0.293;0.293;124;177;0.701;;;;147;;;;158;308
276;1950;Chips Sobek;G-F;29;SHE;60;;;;0.507;;0.817;;;;;;;;;;3.4;-0.2;3.1;;;;;;;95;251;0.378;;;;95;251;0.378;0.378;156;205;0.761;;;;95;;;;158;346
277;1950;Odie Spears;SF;24;CHS;68;;;;0.406;;0.297;;;;;;;;;;1.9;3.7;5.6;;;;;;;277;775;0.357;;;;277;775;0.357;0.357;158;230;0.687;;;;159;;;;250;712
278;1950;Art Spector;F;29;BOS;7;;;;0.182;;0.333;;;;;;;;;;-0.2;0;-0.2;;;;;;;2;12;0.167;;;;2;12;0.167;0.167;1;4;0.25;;;;3;;;;4;5
279;1950;Ed Stanczak;F;28;AND;57;;;;0.453;;0.592;;;;;;;;;;3;3.1;6.2;;;;;;;159;456;0.349;;;;159;456;0.349;0.349;203;270;0.752;;;;67;;;;166;521
280;1950;Gene Stump;F-G;26;TOT;49;;;;0.344;;0.254;;;;;;;;;;-0.6;0.4;-0.2;;;;;;;63;213;0.296;;;;63;213;0.296;0.296;37;54;0.685;;;;44;;;;59;163
281;1950;Gene Stump;F-G;26;MNL;23;;;;0.302;;0.147;;;;;;;;;;-0.6;0.5;0;;;;;;;27;95;0.284;;;;27;95;0.284;0.284;7;14;0.5;;;;23;;;;32;61
282;1950;Gene Stump;F-G;26;WAT;26;;;;0.376;;0.339;;;;;;;;;;0;-0.1;-0.1;;;;;;;36;118;0.305;;;;36;118;0.305;0.305;30;40;0.75;;;;21;;;;27;102
283;1950;Mike Todorovich;F-C;26;TOT;65;;;;0.39;;0.434;;;;;;;;;;1;2;3;;;;;;;263;852;0.309;;;;263;852;0.309;0.309;266;370;0.719;;;;207;;;;230;792
284;1950;Mike Todorovich;F-C;26;STB;14;;;;0.345;;0.483;;;;;;;;;;-0.4;0.1;-0.3;;;;;;;31;116;0.267;;;;31;116;0.267;0.267;35;56;0.625;;;;19;;;;47;97
285;1950;Mike Todorovich;F-C;26;TRI;51;;;;0.398;;0.427;;;;;;;;;;1.4;1.8;3.3;;;;;;;232;736;0.315;;;;232;736;0.315;0.315;231;314;0.736;;;;188;;;;183;695
286;1950;Jack Toomay;C-F;27;DNN;62;;;;0.471;;0.514;;;;;;;;;;4.3;-0.7;3.6;;;;;;;204;514;0.397;;;;204;514;0.397;0.397;186;264;0.705;;;;94;;;;213;594
287;1950;Bob Tough;G-F;29;TOT;29;;;;0.331;;0.261;;;;;;;;;;-0.6;0;-0.6;;;;;;;43;153;0.281;;;;43;153;0.281;0.281;27;40;0.675;;;;38;;;;40;113
288;1950;Bob Tough;G-F;29;BLB;8;;;;0.324;;0.154;;;;;;;;;;-0.2;0.1;-0.1;;;;;;;11;39;0.282;;;;11;39;0.282;0.282;5;6;0.833;;;;2;;;;15;27
289;1950;Bob Tough;G-F;29;WAT;21;;;;0.333;;0.298;;;;;;;;;;-0.4;-0.1;-0.5;;;;;;;32;114;0.281;;;;32;114;0.281;0.281;22;34;0.647;;;;36;;;;25;86
290;1950;Blackie Towery;F-C;29;BLB;68;;;;0.389;;0.298;;;;;;;;;;0.7;1.9;2.6;;;;;;;222;678;0.327;;;;222;678;0.327;0.327;153;202;0.757;;;;142;;;;244;597
291;1950;Dick Triptow;G-F;27;BLB;4;;;;0.17;;0.4;;;;;;;;;;-0.1;0;-0.1;;;;;;;0;5;0;;;;0;5;0;0;2;2;1;;;;1;;;;5;2
292;1950;Butch Van;G-F;27;NYK;56;;;;0.456;;0.802;;;;;;;;;;1.6;0.7;2.3;;;;;;;55;167;0.329;;;;55;167;0.329;0.329;96;134;0.716;;;;78;;;;111;206
293;1950;Gene Vance;G-F;26;TRI;35;;;;0.405;;0.369;;;;;;;;;;1;1.2;2.2;;;;;;;110;325;0.338;;;;110;325;0.338;0.338;86;120;0.717;;;;121;;;;145;306
294;1950;Ernie Vandeweghe;F-G;21;NYK;42;;;;0.466;;0.359;;;;;;;;;;3;0.9;3.9;;;;;;;164;390;0.421;;;;164;390;0.421;0.421;93;140;0.664;;;;78;;;;126;421
295;1950;Floyd Volker;F-C;28;TOT;54;;;;0.34;;0.245;;;;;;;;;;-1.6;-0.4;-2;;;;;;;163;527;0.309;;;;163;527;0.309;0.309;71;129;0.55;;;;112;;;;169;397
296;1950;Floyd Volker;F-C;28;INO;17;;;;0.337;;0.34;;;;;;;;;;-0.2;0.1;-0.1;;;;;;;17;53;0.321;;;;17;53;0.321;0.321;7;18;0.389;;;;7;;;;32;41
297;1950;Floyd Volker;F-C;28;DNN;37;;;;0.34;;0.234;;;;;;;;;;-1.4;-0.5;-1.9;;;;;;;146;474;0.308;;;;146;474;0.308;0.308;64;111;0.577;;;;105;;;;137;356
298;1950;Whitey Von;G-F;27;TOT;59;;;;0.405;;0.342;;;;;;;;;;1.1;1.2;2.3;;;;;;;120;336;0.357;;;;120;336;0.357;0.357;73;115;0.635;;;;143;;;;127;313
299;1950;Whitey Von;G-F;27;TRI;26;;;;0.4;;0.397;;;;;;;;;;0.3;0.4;0.6;;;;;;;40;116;0.345;;;;40;116;0.345;0.345;29;46;0.63;;;;36;;;;48;109
300;1950;Whitey Von;G-F;27;BLB;33;;;;0.407;;0.314;;;;;;;;;;0.9;0.8;1.7;;;;;;;80;220;0.364;;;;80;220;0.364;0.364;44;69;0.638;;;;107;;;;79;204
301;1950;Clint Wager;C-F;30;FTW;63;;;;0.32;;0.232;;;;;;;;;;-0.8;2.2;1.5;;;;;;;57;203;0.281;;;;57;203;0.281;0.281;29;47;0.617;;;;90;;;;175;143
302;1950;Danny Wagner;G;27;SHE;11;;;;0.497;;0.648;;;;;;;;;;0.6;0;0.6;;;;;;;19;54;0.352;;;;19;54;0.352;0.352;31;35;0.886;;;;18;;;;22;69
303;1950;Brady Walker;PF;28;BOS;68;;;;0.401;;0.196;;;;;;;;;;0.9;1;1.9;;;;;;;218;583;0.374;;;;218;583;0.374;0.374;72;114;0.632;;;;109;;;;100;508
304;1950;Paul Walther;SG;22;TOT;53;;;;0.431;;0.376;;;;;;;;;;1.3;0.9;2.2;;;;;;;114;290;0.393;;;;114;290;0.393;0.393;63;109;0.578;;;;56;;;;123;291
305;1950;Paul Walther;SG;22;MNL;22;;;;0.42;;0.263;;;;;;;;;;0.2;0.5;0.8;;;;;;;32;80;0.4;;;;32;80;0.4;0.4;11;21;0.524;;;;10;;;;39;75
306;1950;Paul Walther;SG;22;INO;31;;;;0.434;;0.419;;;;;;;;;;1;0.4;1.4;;;;;;;82;210;0.39;;;;82;210;0.39;0.39;52;88;0.591;;;;46;;;;84;216
307;1950;Bobby Wanzer*;G;28;ROC;67;;;;0.515;;0.572;;;;;;;;;;8.6;1.9;10.5;;;;;;;254;614;0.414;;;;254;614;0.414;0.414;283;351;0.806;;;;214;;;;102;791
308;1950;Murray Wier;G;23;TRI;56;;;;0.388;;0.346;;;;;;;;;;0.4;1.2;1.6;;;;;;;157;480;0.327;;;;157;480;0.327;0.327;115;166;0.693;;;;107;;;;141;429
309;1950;D.C. Wilcutt;G;26;STB;37;;;;0.421;;0.575;;;;;;;;;;0.5;0.1;0.6;;;;;;;24;73;0.329;;;;24;73;0.329;0.329;29;42;0.69;;;;49;;;;27;77
310;1950;Bob Wood;G;28;SHE;6;;;;0.242;;0.071;;;;;;;;;;-0.1;0;-0.2;;;;;;;3;14;0.214;;;;3;14;0.214;0.214;1;1;1;;;;1;;;;6;7
311;1950;Max Zaslofsky;SG;24;CHS;68;;;;0.429;;0.337;;;;;;;;;;4.8;3.6;8.4;;;;;;;397;1132;0.351;;;;397;1132;0.351;0.351;321;381;0.843;;;;155;;;;185;1115
312;;;;;;;;;;;;;;;;;;;;;;;;;;;;;;;;;;;;;;;;;;;;;;;;;;;;
313;1951;Paul Arizin*;SF;22;PHW;65;;;;0.512;;0.609;;;;;;;;;;9.2;4.5;13.7;;;;;;;352;864;0.407;;;;352;864;0.407;0.407;417;526;0.793;;;640;138;;;;284;1121
314;1951;Curly Armstrong;G-F;32;FTW;38;;;;0.372;;0.388;;;;;;;;;;-0.3;0.9;0.6;;;;;;;72;232;0.31;;;;72;232;0.31;0.31;58;90;0.644;;;89;77;;;;97;202
315;1951;Cliff Barker;SG;30;INO;56;;;;0.322;;0.381;;;;;;;;;;-0.9;0.7;-0.2;;;;;;;51;202;0.252;;;;51;202;0.252;0.252;50;77;0.649;;;100;115;;;;98;152
316;1951;Leo Barnhorst;SF;26;INO;68;;;;0.377;;0.177;;;;;;;;;;-0.7;1.9;1.3;;;;;;;232;671;0.346;;;;232;671;0.346;0.346;82;119;0.689;;;296;218;;;;197;546
317;1951;Ed Bartels;F;25;WSC;17;;;;0.307;;0.474;;;;;;;;;;-0.8;0.2;-0.5;;;;;;;24;97;0.247;;;;24;97;0.247;0.247;24;46;0.522;;;84;12;;;;54;72
318;1951;Ed Beach;F;22;TOT;12;;;;0.262;;0.237;;;;;;;;;;-0.4;0.2;-0.3;;;;;;;8;38;0.211;;;;8;38;0.211;0.211;6;9;0.667;;;25;3;;;;14;22
319;1951;Ed Beach;F;22;MNL;11;;;;0.282;;0.257;;;;;;;;;;-0.4;0.2;-0.2;;;;;;;8;35;0.229;;;;8;35;0.229;0.229;6;9;0.667;;;25;2;;;;14;22
320;1951;Ed Beach;F;22;TRI;1;;;;0;;0;;;;;;;;;;-0.1;0;-0.1;;;;;;;0;3;0;;;;0;3;0;0;0;0;;;;0;1;;;;0;0
321;1951;Ralph Beard;G;23;INO;66;;;;0.435;;0.341;;;;;;;;;;4.1;2.3;6.5;;;;;;;409;1110;0.368;;;;409;1110;0.368;0.368;293;378;0.775;;;251;318;;;;96;1111
322;1951;Leon Blevins;G;24;INO;2;;;;0.225;;0.25;;;;;;;;;;-0.1;0;0;;;;;;;1;4;0.25;;;;1;4;0.25;0.25;0;1;0;;;2;1;;;;3;2
323;1951;Nelson Bobb;PG;26;PHW;53;;;;0.384;;0.5;;;;;;;;;;0;1;1.1;;;;;;;52;158;0.329;;;;52;158;0.329;0.329;44;79;0.557;;;101;82;;;;83;148
324;1951;Ike Borsavage;C-F;26;PHW;24;;;;0.391;;0.243;;;;;;;;;;-0.1;0.2;0.1;;;;;;;26;74;0.351;;;;26;74;0.351;0.351;12;18;0.667;;;24;4;;;;34;64
325;1951;Vince Boryla;SF;23;NYK;66;;;;0.485;;0.383;;;;;;;;;;6.4;1;7.4;;;;;;;352;867;0.406;;;;352;867;0.406;0.406;278;332;0.837;;;249;182;;;;244;982
326;1951;Harry Boykoff;C;28;TOT;48;;;;0.429;;0.298;;;;;;;;;;0.8;0.8;1.7;;;;;;;126;336;0.375;;;;126;336;0.375;0.375;74;100;0.74;;;220;60;;;;197;326
327;1951;Harry Boykoff;C;28;BOS;32;;;;0.436;;0.31;;;;;;;;;;0.6;0.4;1;;;;;;;78;203;0.384;;;;78;203;0.384;0.384;45;63;0.714;;;135;40;;;;130;201
328;1951;Harry Boykoff;C;28;TRI;16;;;;0.419;;0.278;;;;;;;;;;0.2;0.5;0.7;;;;;;;48;133;0.361;;;;48;133;0.361;0.361;29;37;0.784;;;85;20;;;;67;125
329;1951;Frankie Brian;G;27;TRI;68;;;;0.424;;0.451;;;;;;;;;;2.9;2.7;5.6;;;;;;;363;1127;0.322;;;;363;1127;0.322;0.322;418;508;0.823;;;244;266;;;;215;1144
330;1951;Walt Budko;PF;25;BLB;64;;;;0.441;;0.481;;;;;;;;;;2.1;1.9;4;;;;;;;165;464;0.356;;;;165;464;0.356;0.356;166;223;0.744;;;452;135;;;;203;496
331;1951;Art Burris;SF;26;FTW;33;;;;0.299;;0.319;;;;;;;;;;-0.9;0.6;-0.3;;;;;;;28;113;0.248;;;;28;113;0.248;0.248;21;36;0.583;;;106;27;;;;51;77
332;1951;Tommy Byrnes;F-G;27;TOT;47;;;;0.357;;0.315;;;;;;;;;;-0.8;0.6;-0.2;;;;;;;81;267;0.303;;;;81;267;0.303;0.303;55;84;0.655;;;71;69;;;;81;217
333;1951;Tommy Byrnes;F-G;27;BLB;16;;;;0.401;;0.28;;;;;;;;;;0;0.2;0.2;;;;;;;35;100;0.35;;;;35;100;0.35;0.35;20;28;0.714;;;27;21;;;;28;90
334;1951;Tommy Byrnes;F-G;27;WSC;12;;;;0.26;;0.415;;;;;;;;;;-0.7;0.1;-0.6;;;;;;;13;65;0.2;;;;13;65;0.2;0.2;14;27;0.519;;;11;16;;;;20;40
335;1951;Tommy Byrnes;F-G;27;TRI;19;;;;0.379;;0.284;;;;;;;;;;-0.1;0.3;0.2;;;;;;;33;102;0.324;;;;33;102;0.324;0.324;21;29;0.724;;;33;32;;;;33;87
336;1951;Gerry Calabrese;SG;25;SYR;46;;;;0.426;;0.447;;;;;;;;;;0.6;0.4;1;;;;;;;70;197;0.355;;;;70;197;0.355;0.355;61;88;0.693;;;65;65;;;;80;201
337;1951;Bill Calhoun;SG;23;ROC;66;;;;0.421;;0.451;;;;;;;;;;1.2;1;2.2;;;;;;;175;506;0.346;;;;175;506;0.346;0.346;161;228;0.706;;;199;99;;;;87;511
338;1951;Don Carlson;G-F;31;BLB;9;;;;0.396;;0.348;;;;;;;;;;0;0.1;0.2;;;;;;;17;46;0.37;;;;17;46;0.37;0.37;8;16;0.5;;;15;19;;;;23;42
339;1951;Bob Carpenter;F-C;33;TOT;56;;;;0.413;;0.382;;;;;;;;;;0.5;1.3;1.9;;;;;;;109;335;0.325;;;;109;335;0.325;0.325;105;128;0.82;;;229;79;;;;115;323
340;1951;Bob Carpenter;F-C;33;FTW;21;;;;0.338;;0.468;;;;;;;;;;-0.6;0.4;-0.2;;;;;;;27;124;0.218;;;;27;124;0.218;0.218;47;58;0.81;;;62;16;;;;36;101
341;1951;Bob Carpenter;F-C;33;TRI;35;;;;0.459;;0.332;;;;;;;;;;1.2;0.9;2.1;;;;;;;82;211;0.389;;;;82;211;0.389;0.389;58;70;0.829;;;167;63;;;;79;222
342;1951;Al Cervi*;PG;33;SYR;53;;;;0.509;;0.685;;;;;;;;;;4.2;1.1;5.3;;;;;;;132;346;0.382;;;;132;346;0.382;0.382;194;237;0.819;;;152;208;;;;180;458
343;1951;Leroy Chollet;F;25;SYR;14;;;;0.202;;0.373;;;;;;;;;;-0.8;0.1;-0.7;;;;;;;6;51;0.118;;;;6;51;0.118;0.118;12;19;0.632;;;15;12;;;;29;24
344;1951;Cal Christensen;SF;23;TRI;67;;;;0.401;;0.551;;;;;;;;;;0.5;2.7;3.2;;;;;;;134;445;0.301;;;;134;445;0.301;0.301;175;245;0.714;;;523;161;;;;266;443
345;1951;Nat Clifton*;PF;28;NYK;65;;;;0.364;;0.401;;;;;;;;;;-1.7;1.2;-0.4;;;;;;;211;656;0.322;;;;211;656;0.322;0.322;140;263;0.532;;;491;162;;;;269;562
346;1951;Bill Closs;SF;29;PHW;65;;;;0.391;;0.353;;;;;;;;;;-0.3;3.1;2.8;;;;;;;202;631;0.32;;;;202;631;0.32;0.32;166;223;0.744;;;401;110;;;;156;570
347;1951;Jack Coleman;PF;26;ROC;67;;;;0.463;;0.23;;;;;;;;;;4.3;2.2;6.5;;;;;;;315;749;0.421;;;;315;749;0.421;0.421;134;172;0.779;;;584;197;;;;193;764
348;1951;Chuck Cooper;F;24;BOS;66;;;;0.428;;0.444;;;;;;;;;;1.9;1.4;3.3;;;;;;;207;601;0.344;;;;207;601;0.344;0.344;201;267;0.753;;;562;174;;;;219;615
349;1951;Ray Corley;G;23;TOT;34;;;;0.346;;0.362;;;;;;;;;;-0.5;0.5;0;;;;;;;46;152;0.303;;;;46;152;0.303;0.303;30;55;0.545;;;77;60;;;;52;122
350;1951;Ray Corley;G;23;BLB;16;;;;0.306;;0.388;;;;;;;;;;-0.5;0.2;-0.3;;;;;;;17;67;0.254;;;;17;67;0.254;0.254;14;26;0.538;;;34;22;;;;26;48
351;1951;Ray Corley;G;23;TRI;18;;;;0.378;;0.341;;;;;;;;;;0;0.3;0.3;;;;;;;29;85;0.341;;;;29;85;0.341;0.341;16;29;0.552;;;43;38;;;;26;74
352;1951;Bob Cousy*;PG;22;BOS;69;;;;0.415;;0.321;;;;;;;;;;2.2;1.8;3.9;;;;;;;401;1138;0.352;;;;401;1138;0.352;0.352;276;365;0.756;;;474;341;;;;185;1078
353;1951;Bob Davies*;PG;31;ROC;63;;;;0.457;;0.434;;;;;;;;;;5.3;1.6;6.9;;;;;;;326;877;0.372;;;;326;877;0.372;0.372;303;381;0.795;;;197;287;;;;208;955
354;1951;Hank DeZonie;C-F;28;TRI;5;;;;0.303;;0.28;;;;;;;;;;-0.2;0.1;-0.1;;;;;;;6;25;0.24;;;;6;25;0.24;0.24;5;7;0.714;;;18;9;;;;6;17
355;1951;Joe Dolhon;G;23;BLB;13;;;;0.386;;0.411;;;;;;;;;;0;0.1;0.1;;;;;;;17;56;0.304;;;;17;56;0.304;0.304;17;23;0.739;;;18;19;;;;32;51
356;1951;Bob Donham;SG;24;BOS;68;;;;0.522;;0.768;;;;;;;;;;3.8;0.7;4.5;;;;;;;151;298;0.507;;;;151;298;0.507;0.507;114;229;0.498;;;235;139;;;;179;416
357;1951;Andy Duncan;F-C;28;BOS;14;;;;0.292;;0.55;;;;;;;;;;-0.4;0.1;-0.3;;;;;;;7;40;0.175;;;;7;40;0.175;0.175;15;22;0.682;;;30;8;;;;32;29
358;1951;Dike Eddleman;SF;28;TRI;68;;;;0.408;;0.312;;;;;;;;;;0.9;2.9;3.8;;;;;;;398;1120;0.355;;;;398;1120;0.355;0.355;244;349;0.699;;;410;170;;;;231;1040
359;1951;Ray Ellefson;C;28;NYK;3;;;;0.347;;1;;;;;;;;;;0;0;0;;;;;;;0;4;0;;;;0;4;0;0;4;4;1;;;8;0;;;;6;4
360;1951;Arnie Ferrin;F-G;25;MNL;68;;;;0.395;;0.44;;;;;;;;;;0.2;2.2;2.4;;;;;;;119;373;0.319;;;;119;373;0.319;0.319;114;164;0.695;;;271;107;;;;220;352
361;1951;Larry Foust;C;22;FTW;68;;;;0.409;;0.419;;;;;;;;;;0.9;3.6;4.5;;;;;;;327;944;0.346;;;;327;944;0.346;0.346;261;396;0.659;;;681;90;;;;247;915
362;1951;Joe Fulks*;PF;29;PHW;66;;;;0.398;;0.325;;;;;;;;;;-0.2;4.5;4.3;;;;;;;429;1358;0.316;;;;429;1358;0.316;0.316;378;442;0.855;;;523;117;;;;247;1236
363;1951;Bill Gabor;SG;28;SYR;61;;;;0.405;;0.325;;;;;;;;;;0.4;1.1;1.5;;;;;;;255;745;0.342;;;;255;745;0.342;0.342;179;242;0.74;;;150;125;;;;213;689
364;1951;Harry Gallatin*;F-C;23;NYK;66;;;;0.491;;0.502;;;;;;;;;;5.9;1.7;7.6;;;;;;;293;705;0.416;;;;293;705;0.416;0.416;259;354;0.732;;;800;180;;;;244;845
365;1951;Vern Gardner;SG;25;PHW;61;;;;0.384;;0.253;;;;;;;;;;-0.3;1.9;1.6;;;;;;;129;383;0.337;;;;129;383;0.337;0.337;69;97;0.711;;;237;89;;;;149;327
366;1951;Ed Gayda;G-F;23;TRI;15;;;;0.495;;0.522;;;;;;;;;;0.4;0.2;0.6;;;;;;;19;46;0.413;;;;19;46;0.413;0.413;18;24;0.75;;;39;13;;;;34;56
367;1951;Chuck Gilmur;F-C;28;WSC;16;;;;0.34;;0.525;;;;;;;;;;-0.3;0.2;-0.1;;;;;;;17;61;0.279;;;;17;61;0.279;0.279;17;32;0.531;;;75;17;;;;57;51
368;1951;Bud Grant;F;23;MNL;61;;;;0.358;;0.451;;;;;;;;;;-0.5;1.1;0.6;;;;;;;53;184;0.288;;;;53;184;0.288;0.288;52;83;0.627;;;115;71;;;;106;158
369;1951;Alex Groza;C;24;INO;66;;;;0.552;;0.541;;;;;;;;;;14.7;3.3;18;;;;;;;492;1046;0.47;;;;492;1046;0.47;0.47;445;566;0.786;;;709;156;;;;237;1429
370;1951;Chick Halbert;C;31;TOT;68;;;;0.448;;0.552;;;;;;;;;;;;;;;;;;;164;449;0.365;;;;164;449;0.365;0.365;172;248;0.694;;;539;158;;;;216;500
371;1951;Bruce Hale;G-F;32;INO;26;;;;0.324;;0.17;;;;;;;;;;-0.7;0.3;-0.4;;;;;;;40;135;0.296;;;;40;135;0.296;0.296;14;23;0.609;;;49;42;;;;30;94
372;1951;Alex Hannum*;PF;27;SYR;63;;;;0.406;;0.399;;;;;;;;;;0.4;1.3;1.7;;;;;;;182;494;0.368;;;;182;494;0.368;0.368;107;197;0.543;;;301;119;;;;271;471
373;1951;John Hargis;G-F;30;TOT;29;;;;0.423;;0.331;;;;;;;;;;0.3;0.4;0.7;;;;;;;48;127;0.378;;;;48;127;0.378;0.378;27;42;0.643;;;66;25;;;;58;123
374;1951;John Hargis;G-F;30;FTW;14;;;;0.438;;0.364;;;;;;;;;;0.2;0.2;0.4;;;;;;;25;66;0.379;;;;25;66;0.379;0.379;17;24;0.708;;;30;9;;;;25;67
375;1951;John Hargis;G-F;30;TRI;15;;;;0.406;;0.295;;;;;;;;;;0.1;0.2;0.3;;;;;;;23;61;0.377;;;;23;61;0.377;0.377;10;18;0.556;;;36;16;;;;33;56
376;1951;Bob Harris;F-C;23;TOT;56;;;;0.402;;0.431;;;;;;;;;;0.2;0.8;1;;;;;;;98;295;0.332;;;;98;295;0.332;0.332;86;127;0.677;;;291;64;;;;157;282
377;1951;Bob Harris;F-C;23;FTW;12;;;;0.312;;0.351;;;;;;;;;;-0.4;0.2;-0.2;;;;;;;13;57;0.228;;;;13;57;0.228;0.228;15;20;0.75;;;44;8;;;;19;41
378;1951;Bob Harris;F-C;23;BOS;44;;;;0.423;;0.45;;;;;;;;;;0.6;0.6;1.2;;;;;;;85;238;0.357;;;;85;238;0.357;0.357;71;107;0.664;;;247;56;;;;138;241
379;1951;Bob Harrison;G;23;MNL;68;;;;0.411;;0.296;;;;;;;;;;1;2.3;3.3;;;;;;;150;432;0.347;;;;150;432;0.347;0.347;101;128;0.789;;;172;195;;;;218;401
380;1951;Billy Hassett;G;29;BLB;31;;;;0.354;;0.394;;;;;;;;;;-0.5;0.3;-0.2;;;;;;;45;160;0.281;;;;45;160;0.281;0.281;43;63;0.683;;;34;47;;;;72;133
381;1951;Kleggie Hermsen;C-F;27;TOT;71;;;;0.356;;0.368;;;;;;;;;;;;;;;;;;;189;644;0.293;;;;189;644;0.293;0.293;155;237;0.654;;;448;92;;;;261;533
382;1951;Sonny Hertzberg;G;28;BOS;65;;;;0.412;;0.415;;;;;;;;;;1.4;1.1;2.5;;;;;;;206;651;0.316;;;;206;651;0.316;0.316;223;270;0.826;;;260;244;;;;156;635
383;1951;Paul Hoffman;G-F;25;BLB;41;;;;0.384;;0.391;;;;;;;;;;-0.2;1.1;0.8;;;;;;;127;399;0.318;;;;127;399;0.318;0.318;105;156;0.673;;;202;111;;;;135;359
384;1951;Joe Holland;SF;25;INO;67;;;;0.359;;0.231;;;;;;;;;;-1.6;1.8;0.2;;;;;;;196;594;0.33;;;;196;594;0.33;0.33;78;137;0.569;;;344;150;;;;228;470
385;1951;Red Holzman*;PG;30;ROC;68;;;;0.388;;0.319;;;;;;;;;;-0.2;1;0.8;;;;;;;183;561;0.326;;;;183;561;0.326;0.326;130;179;0.726;;;152;147;;;;94;496
386;1951;Joe Hutton;SG;22;MNL;60;;;;0.369;;0.239;;;;;;;;;;-0.3;1;0.6;;;;;;;59;180;0.328;;;;59;180;0.328;0.328;29;43;0.674;;;102;53;;;;89;147
387;1951;Gene James;F;25;TOT;48;;;;0.379;;0.302;;;;;;;;;;-0.2;0.7;0.5;;;;;;;79;235;0.336;;;;79;235;0.336;0.336;44;71;0.62;;;141;70;;;;118;202
388;1951;Gene James;F;25;NYK;6;;;;0.387;;0.667;;;;;;;;;;0;0;0;;;;;;;1;3;0.333;;;;1;3;0.333;0.333;1;2;0.5;;;4;4;;;;7;3
389;1951;Gene James;F;25;BLB;42;;;;0.379;;0.297;;;;;;;;;;-0.2;0.7;0.5;;;;;;;78;232;0.336;;;;78;232;0.336;0.336;43;69;0.623;;;137;66;;;;111;199
390;1951;Tony Jaros;F-G;30;MNL;63;;;;0.363;;0.359;;;;;;;;;;-0.8;1.3;0.6;;;;;;;88;287;0.307;;;;88;287;0.307;0.307;65;103;0.631;;;131;72;;;;131;241
391;1951;Arnie Johnson;SF;30;ROC;68;;;;0.564;;0.921;;;;;;;;;;7.5;1.7;9.1;;;;;;;185;403;0.459;;;;185;403;0.459;0.459;269;371;0.725;;;449;175;;;;290;639
392;1951;Ralph Johnson;PG;29;FTW;68;;;;0.361;;0.22;;;;;;;;;;-1.7;2.5;0.8;;;;;;;235;737;0.319;;;;235;737;0.319;0.319;114;162;0.704;;;275;183;;;;247;584
393;1951;Wah Wah;PF;24;INO;22;;;;0.456;;0.325;;;;;;;;;;1.4;0.8;2.1;;;;;;;93;237;0.392;;;;93;237;0.392;0.392;61;77;0.792;;;125;85;;;;74;247
394;1951;Noble Jorgensen;C;25;TOT;63;;;;0.438;;0.442;;;;;;;;;;2;1.6;3.6;;;;;;;223;600;0.372;;;;223;600;0.372;0.372;182;265;0.687;;;338;91;;;;237;628
395;1951;Noble Jorgensen;C;25;TRI;22;;;;0.435;;0.429;;;;;;;;;;0.7;0.7;1.4;;;;;;;87;238;0.366;;;;87;238;0.366;0.366;72;102;0.706;;;112;27;;;;92;246
396;1951;Noble Jorgensen;C;25;SYR;41;;;;0.44;;0.45;;;;;;;;;;1.3;0.9;2.2;;;;;;;136;362;0.376;;;;136;362;0.376;0.376;110;163;0.675;;;226;64;;;;145;382
397;1951;George Kaftan;SF;22;NYK;61;;;;0.44;;0.437;;;;;;;;;;1.1;0.4;1.6;;;;;;;111;286;0.388;;;;111;286;0.388;0.388;78;125;0.624;;;153;74;;;;102;300
398;1951;Jack Kerris;PF;26;FTW;68;;;;0.434;;0.428;;;;;;;;;;2.6;3.1;5.7;;;;;;;255;689;0.37;;;;255;689;0.37;0.37;201;295;0.681;;;477;181;;;;253;711
399;1951;Duane Klueh;G;25;FTW;61;;;;0.417;;0.402;;;;;;;;;;0.9;1.4;2.3;;;;;;;157;458;0.343;;;;157;458;0.343;0.343;135;184;0.734;;;183;82;;;;143;449
400;1951;Frank Kudelka;G-F;25;TOT;62;;;;0.387;;0.23;;;;;;;;;;;;;;;;;;;179;518;0.346;;;;179;518;0.346;0.346;83;119;0.697;;;158;105;;;;211;441
401;1951;Tony Lavelli;F;24;NYK;30;;;;0.446;;0.441;;;;;;;;;;0.4;0.2;0.6;;;;;;;32;93;0.344;;;;32;93;0.344;0.344;35;41;0.854;;;59;23;;;;56;99
402;1951;Bob Lavoy;PF;24;INO;63;;;;0.388;;0.215;;;;;;;;;;-0.6;1.6;1;;;;;;;221;619;0.357;;;;221;619;0.357;0.357;84;133;0.632;;;310;76;;;;190;526
403;1951;Ed Leede;F-G;23;BOS;57;;;;0.417;;0.511;;;;;;;;;;0.8;0.5;1.3;;;;;;;119;370;0.322;;;;119;370;0.322;0.322;140;189;0.741;;;118;95;;;;144;378
404;1951;Ron Livingstone;C;25;PHW;63;;;;0.354;;0.309;;;;;;;;;;-1.2;2.1;0.9;;;;;;;104;353;0.295;;;;104;353;0.295;0.295;76;109;0.697;;;297;76;;;;220;284
405;1951;Earl Lloyd*;SF;22;WSC;7;;;;0.528;;0.371;;;;;;;;;;0.4;0.1;0.6;;;;;;;16;35;0.457;;;;16;35;0.457;0.457;11;13;0.846;;;47;11;;;;26;43
406;1951;Don Lofgran;F-C;22;TOT;61;;;;0.364;;0.47;;;;;;;;;;;;;;;;;;;79;270;0.293;;;;79;270;0.293;0.293;79;127;0.622;;;157;36;;;;132;237
407;1951;John Logan;G;30;TRI;30;;;;0.378;;0.312;;;;;;;;;;-0.1;1.1;1;;;;;;;84;269;0.312;;;;84;269;0.312;0.312;63;84;0.75;;;134;119;;;;70;231
408;1951;Ray Lumpp;G;27;NYK;64;;;;0.478;;0.422;;;;;;;;;;2.8;0.5;3.3;;;;;;;153;379;0.404;;;;153;379;0.404;0.404;124;160;0.775;;;125;115;;;;160;430
409;1951;Ed Macauley*;C-F;22;BOS;68;;;;0.551;;0.623;;;;;;;;;;14.1;1.8;15.9;;;;;;;459;985;0.466;;;;459;985;0.466;0.466;466;614;0.759;;;616;252;;;;205;1384
410;1951;Johnny Macknowski;G-F;28;SYR;58;;;;0.377;;0.391;;;;;;;;;;-0.8;0.7;-0.1;;;;;;;131;435;0.301;;;;131;435;0.301;0.301;122;170;0.718;;;110;69;;;;134;384
411;1951;Norm Mager;F;24;BLB;24;;;;0.372;;0.394;;;;;;;;;;-0.3;0.3;0;;;;;;;40;142;0.282;;;;40;142;0.282;0.282;44;56;0.786;;;47;23;;;;68;124
412;1951;John Mahnken;C;28;TOT;58;;;;0.35;;0.199;;;;;;;;;;-1.3;0.7;-0.6;;;;;;;111;351;0.316;;;;111;351;0.316;0.316;45;70;0.643;;;219;77;;;;164;267
413;1951;John Mahnken;C;28;BOS;46;;;;0.371;;0.181;;;;;;;;;;-0.6;0.5;0;;;;;;;102;298;0.342;;;;102;298;0.342;0.342;35;54;0.648;;;184;67;;;;152;239
414;1951;John Mahnken;C;28;INO;12;;;;0.233;;0.302;;;;;;;;;;-0.7;0.2;-0.5;;;;;;;9;53;0.17;;;;9;53;0.17;0.17;10;16;0.625;;;35;10;;;;12;28
415;1951;Slater Martin*;PG;25;MNL;68;;;;0.408;;0.282;;;;;;;;;;1.1;3.1;4.2;;;;;;;227;627;0.362;;;;227;627;0.362;0.362;121;177;0.684;;;246;235;;;;199;575
416;1951;Ariel Maughan;F;27;WSC;35;;;;0.418;;0.492;;;;;;;;;;0.5;0.5;1.1;;;;;;;78;250;0.312;;;;78;250;0.312;0.312;98;123;0.797;;;141;48;;;;91;254
417;1951;Dick McGuire*;PG;25;NYK;64;;;;0.445;;0.573;;;;;;;;;;3.3;1.2;4.5;;;;;;;179;482;0.371;;;;179;482;0.371;0.371;179;276;0.649;;;334;400;;;;154;537
418;1951;Bones McKinney;SF;32;TOT;44;;;;0.361;;0.248;;;;;;;;;;-0.8;0.6;-0.2;;;;;;;102;327;0.312;;;;102;327;0.312;0.312;58;81;0.716;;;198;85;;;;136;262
419;1951;Bones McKinney;SF;32;WSC;10;;;;0.293;;0.163;;;;;;;;;;-0.4;0.1;-0.3;;;;;;;12;43;0.279;;;;12;43;0.279;0.279;3;7;0.429;;;19;6;;;;14;27
420;1951;Bones McKinney;SF;32;BOS;34;;;;0.371;;0.261;;;;;;;;;;-0.5;0.5;0;;;;;;;90;284;0.317;;;;90;284;0.317;0.317;55;74;0.743;;;179;79;;;;122;235
421;1951;Mal McMullen;F-C;23;INO;51;;;;0.326;;0.296;;;;;;;;;;-1.7;0.7;-1;;;;;;;78;277;0.282;;;;78;277;0.282;0.282;48;82;0.585;;;128;33;;;;109;204
422;1951;Joe McNamee;SF;24;ROC;60;;;;0.332;;0.251;;;;;;;;;;-0.9;0.4;-0.5;;;;;;;48;167;0.287;;;;48;167;0.287;0.287;27;42;0.643;;;101;18;;;;88;123
423;1951;Dick Mehen;PF;28;TOT;66;;;;0.404;;0.231;;;;;;;;;;0.5;1.5;1.9;;;;;;;192;532;0.361;;;;192;532;0.361;0.361;90;123;0.732;;;223;118;;;;149;474
424;1951;Dick Mehen;PF;28;BLB;16;;;;0.392;;0.3;;;;;;;;;;0;0.5;0.5;;;;;;;57;170;0.335;;;;57;170;0.335;0.335;37;51;0.725;;;76;55;;;;42;151
425;1951;Dick Mehen;PF;28;BOS;7;;;;0.375;;0.288;;;;;;;;;;-0.1;0.1;0;;;;;;;17;52;0.327;;;;17;52;0.327;0.327;10;15;0.667;;;26;11;;;;14;44
426;1951;Dick Mehen;PF;28;FTW;43;;;;0.416;;0.184;;;;;;;;;;0.5;0.9;1.4;;;;;;;118;310;0.381;;;;118;310;0.381;0.381;43;57;0.754;;;121;52;;;;93;279
427;1951;Ed Mikan;C-F;25;TOT;61;;;;0.409;;0.34;;;;;;;;;;;;;;;;;;;193;556;0.347;;;;193;556;0.347;0.347;137;189;0.725;;;344;63;;;;194;523
428;1951;George Mikan*;C;26;MNL;68;;;;0.509;;0.453;;;;;;;;;;16;7.4;23.4;;;;;;;678;1584;0.428;;;;678;1584;0.428;0.428;576;717;0.803;;;958;208;;;;308;1932
429;1951;Vern Mikkelsen*;PF;22;MNL;64;;;;0.446;;0.308;;;;;;;;;;3.9;5;8.9;;;;;;;359;893;0.402;;;;359;893;0.402;0.402;186;275;0.676;;;655;181;;;;260;904
430;1951;Leo Mogus;F-C;29;PHW;57;;;;0.435;;0.705;;;;;;;;;;0.5;0.7;1.2;;;;;;;43;122;0.352;;;;43;122;0.352;0.352;53;86;0.616;;;102;32;;;;60;139
431;1951;Chuck Mrazovich;F;26;INO;25;;;;0.42;;0.6;;;;;;;;;;0.2;0.2;0.4;;;;;;;28;80;0.35;;;;28;80;0.35;0.35;29;48;0.604;;;40;13;;;;52;85
432;1951;Ken Murray;G-F;22;TOT;66;;;;0.411;;0.374;;;;;;;;;;;;;;;;;;;301;887;0.339;;;;301;887;0.339;0.339;248;332;0.747;;;355;202;;;;164;850
433;1951;Jack Nichols;PF;24;TRI;6;;;;0.397;;0.266;;;;;;;;;;0;0.3;0.3;;;;;;;27;79;0.342;;;;27;79;0.342;0.342;16;21;0.762;;;63;15;;;;23;70
434;1951;Paul Noel;F;26;ROC;52;;;;0.335;;0.259;;;;;;;;;;-0.8;0.4;-0.5;;;;;;;49;174;0.282;;;;49;174;0.282;0.282;32;45;0.711;;;81;34;;;;61;130
435;1951;Johnny Norlander;F;29;WSC;9;;;;0.474;;0.875;;;;;;;;;;0.1;0;0.2;;;;;;;6;16;0.375;;;;6;16;0.375;0.375;9;14;0.643;;;9;5;;;;14;21
436;1951;Dick O'Keefe;G-F;27;WSC;17;;;;0.281;;0.382;;;;;;;;;;-1;0.2;-0.8;;;;;;;21;102;0.206;;;;21;102;0.206;0.206;25;39;0.641;;;37;25;;;;48;67
437;1951;Tommy O'Keefe;G;22;TOT;6;;;;0.386;;0.143;;;;;;;;;;0;0.1;0.1;;;;;;;10;28;0.357;;;;10;28;0.357;0.357;3;4;0.75;;;7;10;;;;5;23
438;1951;Tommy O'Keefe;G;22;WSC;3;;;;0.419;;0.231;;;;;;;;;;0;0;0;;;;;;;5;13;0.385;;;;5;13;0.385;0.385;2;3;0.667;;;4;2;;;;1;12
439;1951;Tommy O'Keefe;G;22;BLB;3;;;;0.356;;0.067;;;;;;;;;;0;0;0;;;;;;;5;15;0.333;;;;5;15;0.333;0.333;1;1;1;;;3;8;;;;4;11
440;1951;Kevin O'Shea;G;25;MNL;63;;;;0.416;;0.502;;;;;;;;;;0.7;1.4;2.1;;;;;;;87;267;0.326;;;;87;267;0.326;0.326;97;134;0.724;;;125;100;;;;99;271
441;1951;John Oldham;G;27;FTW;68;;;;0.392;;0.489;;;;;;;;;;0;2;2;;;;;;;199;597;0.333;;;;199;597;0.333;0.333;171;292;0.586;;;242;127;;;;242;569
442;1951;Don Otten;C;29;TOT;67;;;;0.464;;0.643;;;;;;;;;;3.1;1.8;4.9;;;;;;;162;479;0.338;;;;162;479;0.338;0.338;246;308;0.799;;;404;62;;;;255;570
443;1951;Don Otten;C;29;WSC;16;;;;0.441;;0.732;;;;;;;;;;0.6;0.3;0.9;;;;;;;37;127;0.291;;;;37;127;0.291;0.291;74;93;0.796;;;106;22;;;;60;148
444;1951;Don Otten;C;29;BLB;2;;;;0.29;;0.6;;;;;;;;;;-0.1;0;-0.1;;;;;;;3;15;0.2;;;;3;15;0.2;0.2;5;9;0.556;;;3;3;;;;5;11
445;1951;Don Otten;C;29;FTW;49;;;;0.481;;0.611;;;;;;;;;;2.6;1.5;4.1;;;;;;;122;337;0.362;;;;122;337;0.362;0.362;167;206;0.811;;;295;37;;;;190;411
446;1951;Easy Parham;F-G;29;PHW;7;;;;0.347;;1;;;;;;;;;;0;0.1;0;;;;;;;2;6;0.333;;;;2;6;0.333;0.333;2;6;0.333;;;9;2;;;;2;6
447;1951;Warren Perkins;G-F;28;TRI;66;;;;0.385;;0.456;;;;;;;;;;-0.1;1.9;1.8;;;;;;;135;428;0.315;;;;135;428;0.315;0.315;126;195;0.646;;;319;143;;;;232;396
448;1951;Ed Peterson;C;26;TOT;53;;;;0.399;;0.391;;;;;;;;;;0.1;1.4;1.5;;;;;;;130;384;0.339;;;;130;384;0.339;0.339;99;150;0.66;;;288;66;;;;188;359
449;1951;Ed Peterson;C;26;SYR;17;;;;0.419;;0.407;;;;;;;;;;0.1;0.2;0.3;;;;;;;30;81;0.37;;;;30;81;0.37;0.37;20;33;0.606;;;38;8;;;;45;80
450;1951;Ed Peterson;C;26;TRI;36;;;;0.394;;0.386;;;;;;;;;;-0.1;1.3;1.2;;;;;;;100;303;0.33;;;;100;303;0.33;0.33;79;117;0.675;;;250;58;;;;143;279
451;1951;Andy Phillip*;G-F;28;PHW;66;;;;0.462;;0.367;;;;;;;;;;4.9;4.8;9.7;;;;;;;275;690;0.399;;;;275;690;0.399;0.399;190;253;0.751;;;446;414;;;;221;740
452;1951;Jim Pollard*;SF;28;MNL;54;;;;0.395;;0.214;;;;;;;;;;0.1;4.1;4.2;;;;;;;256;728;0.352;;;;256;728;0.352;0.352;117;156;0.75;;;484;184;;;;157;629
453;1951;George Ratkovicz;PF;28;SYR;66;;;;0.512;;0.69;;;;;;;;;;7.1;2.2;9.3;;;;;;;264;636;0.415;;;;264;636;0.415;0.415;321;439;0.731;;;547;193;;;;256;849
454;1951;Don Rehfeldt;SF;24;BLB;59;;;;0.442;;0.326;;;;;;;;;;1.6;1.1;2.7;;;;;;;164;426;0.385;;;;164;426;0.385;0.385;103;139;0.741;;;251;68;;;;146;431
455;1951;Jim Riffey;F;27;FTW;35;;;;0.382;;0.141;;;;;;;;;;-0.3;0.5;0.2;;;;;;;65;185;0.351;;;;65;185;0.351;0.351;20;26;0.769;;;61;16;;;;54;150
456;1951;Arnie Risen*;C;26;ROC;66;;;;0.475;;0.468;;;;;;;;;;6.6;2.8;9.3;;;;;;;377;940;0.401;;;;377;940;0.401;0.401;323;440;0.734;;;795;158;;;;278;1077
457;1951;Tex Ritter;G-F;26;NYK;34;;;;0.473;;0.689;;;;;;;;;;0.8;0.2;1;;;;;;;39;103;0.379;;;;39;103;0.379;0.379;49;71;0.69;;;65;37;;;;52;127
458;1951;Red Rocha;C;27;BLB;64;;;;0.429;;0.355;;;;;;;;;;2.4;2.3;4.6;;;;;;;297;843;0.352;;;;297;843;0.352;0.352;242;299;0.809;;;511;147;;;;242;836
459;1951;Kenny Sailors;G;30;TOT;60;;;;0.403;;0.338;;;;;;;;;;0.5;1;1.6;;;;;;;181;533;0.34;;;;181;533;0.34;0.34;131;180;0.728;;;120;150;;;;196;493
460;1951;Kenny Sailors;G;30;BOS;10;;;;0.281;;0.64;;;;;;;;;;-0.2;0;-0.2;;;;;;;4;25;0.16;;;;4;25;0.16;0.16;10;16;0.625;;;3;8;;;;14;18
461;1951;Kenny Sailors;G;30;BLB;50;;;;0.409;;0.323;;;;;;;;;;0.8;1;1.8;;;;;;;177;508;0.348;;;;177;508;0.348;0.348;121;164;0.738;;;117;142;;;;182;475
462;1951;Pep Saul;SG;26;ROC;65;;;;0.396;;0.339;;;;;;;;;;0.1;0.5;0.6;;;;;;;105;310;0.339;;;;105;310;0.339;0.339;72;105;0.686;;;84;68;;;;85;282
463;1951;Alan Sawyer;F;23;WSC;33;;;;0.422;;0.213;;;;;;;;;;0.4;0.4;0.9;;;;;;;87;235;0.37;;;;87;235;0.37;0.37;43;50;0.86;;;121;25;;;;75;217
464;1951;Fred Schaus;F;25;FTW;68;;;;0.454;;0.527;;;;;;;;;;5.1;3.4;8.5;;;;;;;312;918;0.34;;;;312;918;0.34;0.34;404;484;0.835;;;495;184;;;;240;1028
465;1951;Dolph Schayes*;F-C;22;SYR;66;;;;0.468;;0.654;;;;;;;;;;6.5;3.8;10.3;;;;;;;332;930;0.357;;;;332;930;0.357;0.357;457;608;0.752;;;1080;251;;;;271;1121
466;1951;Herb Scherer;C;22;TRI;20;;;;0.342;;0.417;;;;;;;;;;-0.4;0.3;-0.1;;;;;;;24;84;0.286;;;;24;84;0.286;0.286;20;35;0.571;;;50;17;;;;56;68
467;1951;Dick Schnittker;SF;22;WSC;29;;;;0.543;;0.679;;;;;;;;;;3;0.5;3.5;;;;;;;86;209;0.411;;;;86;209;0.411;0.411;123;142;0.866;;;153;41;;;;82;295
468;1951;Fred Scolari;G;28;TOT;66;;;;0.413;;0.359;;;;;;;;;;;;;;;;;;;302;923;0.327;;;;302;923;0.327;0.327;279;331;0.843;;;218;255;;;;183;883
469;1951;George Senesky;PG;28;PHW;65;;;;0.42;;0.339;;;;;;;;;;2.3;3.9;6.2;;;;;;;249;703;0.354;;;;249;703;0.354;0.354;181;238;0.761;;;326;342;;;;144;679
470;1951;Paul Seymour;G-F;23;SYR;51;;;;0.403;;0.413;;;;;;;;;;0.7;1.2;1.8;;;;;;;125;385;0.325;;;;125;385;0.325;0.325;117;159;0.736;;;194;187;;;;138;367
471;1951;Carl Shaeffer;F-G;26;INO;10;;;;0.322;;0.136;;;;;;;;;;-0.1;0.1;-0.1;;;;;;;6;22;0.273;;;;6;22;0.273;0.273;3;3;1;;;10;6;;;;15;15
472;1951;Bill Sharman*;SG;24;WSC;31;;;;0.441;;0.283;;;;;;;;;;1.3;0.5;1.8;;;;;;;141;381;0.37;;;;141;381;0.37;0.37;96;108;0.889;;;110;39;;;;86;378
473;1951;Connie Simmons;C-F;25;NYK;66;;;;0.429;;0.339;;;;;;;;;;1.6;1;2.6;;;;;;;229;613;0.374;;;;229;613;0.374;0.374;146;208;0.702;;;426;117;;;;222;604
474;1951;Belus Smawley;SG;32;TOT;60;;;;0.468;;0.403;;;;;;;;;;4.3;1.3;5.6;;;;;;;252;663;0.38;;;;252;663;0.38;0.38;227;267;0.85;;;178;161;;;;145;731
475;1951;Belus Smawley;SG;32;SYR;16;;;;0.437;;0.458;;;;;;;;;;0.5;0.3;0.7;;;;;;;40;118;0.339;;;;40;118;0.339;0.339;44;54;0.815;;;48;36;;;;36;124
476;1951;Belus Smawley;SG;32;BLB;44;;;;0.475;;0.391;;;;;;;;;;3.8;1;4.9;;;;;;;212;545;0.389;;;;212;545;0.389;0.389;183;213;0.859;;;130;125;;;;109;607
477;1951;Ed Stanczak;F;29;BOS;19;;;;0.43;;0.9;;;;;;;;;;0.2;0.1;0.3;;;;;;;12;50;0.24;;;;12;50;0.24;0.24;36;45;0.8;;;36;7;;;;48;60
478;1951;Mike Todorovich;F-C;27;TRI;66;;;;0.385;;0.421;;;;;;;;;;-0.5;2.7;2.3;;;;;;;221;715;0.309;;;;221;715;0.309;0.309;211;301;0.701;;;455;179;;;;197;653
479;1951;Gene Vance;G-F;27;TRI;29;;;;0.484;;0.588;;;;;;;;;;1;0.6;1.6;;;;;;;46;114;0.404;;;;46;114;0.404;0.404;47;67;0.701;;;94;57;;;;98;139
480;1951;Ernie Vandeweghe;F-G;22;NYK;44;;;;0.446;;0.289;;;;;;;;;;1.5;0.6;2.1;;;;;;;135;336;0.402;;;;135;336;0.402;0.402;68;97;0.701;;;195;121;;;;144;338
481;1951;Brady Walker;PF;29;TOT;66;;;;0.434;;0.248;;;;;;;;;;1.4;1.5;2.8;;;;;;;164;416;0.394;;;;164;416;0.394;0.394;72;103;0.699;;;354;111;;;;82;400
482;1951;Brady Walker;PF;29;BOS;17;;;;0.419;;0.273;;;;;;;;;;0.1;0.1;0.1;;;;;;;13;33;0.394;;;;13;33;0.394;0.394;5;9;0.556;;;31;8;;;;11;31
483;1951;Brady Walker;PF;29;BLB;49;;;;0.435;;0.245;;;;;;;;;;1.3;1.4;2.7;;;;;;;151;383;0.394;;;;151;383;0.394;0.394;67;94;0.713;;;323;103;;;;71;369
484;1951;Paul Walther;SG;23;INO;63;;;;0.393;;0.33;;;;;;;;;;0.3;1.7;2;;;;;;;213;634;0.336;;;;213;634;0.336;0.336;145;209;0.694;;;226;225;;;;201;571
485;1951;Bobby Wanzer*;G;29;ROC;68;;;;0.492;;0.435;;;;;;;;;;5.6;1.3;6.9;;;;;;;252;628;0.401;;;;252;628;0.401;0.401;232;273;0.85;;;232;181;;;;129;736
486;1951;Max Zaslofsky;SG;25;NYK;66;;;;0.424;;0.349;;;;;;;;;;1.8;0.9;2.7;;;;;;;302;853;0.354;;;;302;853;0.354;0.354;231;298;0.775;;;228;136;;;;150;835
487;;;;;;;;;;;;;;;;;;;;;;;;;;;;;;;;;;;;;;;;;;;;;;;;;;;;
488;1952;Paul Arizin*;SF;23;PHW;66;;2939;25.5;0.546;;0.579;;;;;;;;;;14.8;1.2;16;0.261;;;;;;548;1222;0.448;;;;548;1222;0.448;0.448;578;707;0.818;;;745;170;;;;250;1674
489;1952;Cliff Barker;SG;31;INO;44;;494;10.8;0.343;;0.317;;;;;;;;;;-0.7;0.8;0.1;0.008;;;;;;48;161;0.298;;;;48;161;0.298;0.298;30;51;0.588;;;81;70;;;;56;126
490;1952;Don Barksdale*;PF;28;BLB;62;;2014;15.8;0.409;;0.427;;;;;;;;;;0.2;1.4;1.5;0.036;;;;;;272;804;0.338;;;;272;804;0.338;0.338;237;343;0.691;;;601;137;;;;230;781
491;1952;Leo Barnhorst;SF;27;INO;66;;2344;15.9;0.419;;0.208;;;;;;;;;;1.3;3.5;4.7;0.097;;;;;;349;897;0.389;;;;349;897;0.389;0.389;122;187;0.652;;;430;255;;;;196;820
492;1952;Elmer Behnke;C;22;MLH;4;;55;7.8;0.319;;0.318;;;;;;;;;;-0.2;0.1;-0.1;-0.098;;;;;;6;22;0.273;;;;6;22;0.273;0.273;4;7;0.571;;;17;4;;;;13;16
493;1952;Charlie Black;F-C;30;MLH;13;;117;1.1;0.234;;0.387;;;;;;;;;;-0.5;0.1;-0.4;-0.148;;;;;;6;31;0.194;;;;6;31;0.194;0.194;5;12;0.417;;;31;9;;;;31;17
494;1952;Nelson Bobb;PG;27;PHW;62;;1192;10.9;0.42;;0.546;;;;;;;;;;0.7;0.4;1.2;0.048;;;;;;110;306;0.359;;;;110;306;0.359;0.359;99;167;0.593;;;147;168;;;;182;319
495;1952;Vince Boryla;SF;24;NYK;42;;1440;12.8;0.437;;0.22;;;;;;;;;;1.2;0.9;2.1;0.069;;;;;;202;522;0.387;;;;202;522;0.387;0.387;96;115;0.835;;;219;90;;;;121;500
496;1952;Don Boven;SG;26;MLH;66;;1982;12.4;0.399;;0.524;;;;;;;;;;-0.2;1.7;1.5;0.036;;;;;;200;668;0.299;;;;200;668;0.299;0.299;256;350;0.731;;;336;177;;;;271;656
497;1952;Bob Brannum;PF;26;BOS;66;;1324;12.4;0.423;;0.423;;;;;;;;;;0.5;1.5;2;0.074;;;;;;149;404;0.369;;;;149;404;0.369;0.369;107;171;0.626;;;406;76;;;;235;405
498;1952;Frankie Brian;SG;28;FTW;66;;2672;14.8;0.452;;0.445;;;;;;;;;;4.3;1.8;6.1;0.11;;;;;;342;972;0.352;;;;342;972;0.352;0.352;367;433;0.848;;;232;233;;;;220;1051